Food,Calories,Protein,Fat,Carbs,Fiber
mac and cheese,315.0,12.0,13.2,40.8,1.6
samosa,250.1,4.9,14.1,29.5,2.2
chana masala,166.3,9.2,2.5,27.6,7.4
steak,274.1,26.6,18.0,0.0,0.0
mutton biryani,227.9,16.2,9.7,26.0,0.8
milk,59.4,3.2,3.3,4.7,0.0
biryani,192.5,9.2,7.0,27.2,0.8
nihari,176.1,14.7,11.1,4.2,0.5
dates,266.0,1.8,0.2,71.4,6.9
grilled chicken,158.6,31.5,3.7,0.0,0.0
honey,291.0,0.3,0.0,81.6,0.2
green tea,1.9,0.0,0.0,0.5,0.0
peanut butter toast,257.9,10.3,14.3,25.8,3.0
broccoli,35.7,2.9,0.4,6.7,2.6
mutton biryani,220.2,16.2,10.4,28.2,0.8
naan,329.1,9.3,5.9,55.0,2.1
protein shake,155.3,29.8,3.1,8.0,1.0
green tea,1.9,0.0,0.0,0.5,0.0
dates,284.9,1.8,0.2,75.3,6.5
dahi,61.2,3.4,3.1,4.6,0.0
lentils,120.5,8.6,0.4,20.5,8.3
pulao,186.6,5.9,4.9,26.8,0.8
mac and cheese,317.5,11.8,13.2,38.4,1.6
raita,58.6,3.0,3.5,4.3,0.0
daal,121.5,8.0,0.4,19.3,8.2
mixed vegetables,55.6,2.6,0.5,9.9,3.6
grilled salmon,205.4,20.3,12.8,0.0,0.0
pasta,228.1,8.4,5.1,37.9,2.5
avocado toast,234.0,5.9,14.9,22.3,5.9
chai,41.1,1.5,2.0,4.5,0.0
brown rice,114.1,2.7,0.9,22.8,1.8
boiled eggs,160.7,12.6,10.8,1.1,0.0
green tea,1.9,0.0,0.0,0.5,0.0
milk,59.0,3.1,3.3,4.7,0.0
ayran,53.9,3.0,2.6,5.1,0.0
samosa,264.7,5.1,14.2,30.0,2.3
paye,190.5,16.8,12.4,2.1,0.0
kidney beans,127.6,8.3,0.5,21.9,6.4
chana,161.7,8.9,2.6,26.6,7.4
mac and cheese,318.4,12.2,13.4,38.1,1.6
omelette,161.0,10.8,11.2,1.6,0.0
chicken breast,162.7,31.6,3.6,0.0,0.0
halwa,313.0,3.0,13.8,49.0,1.0
burger,306.3,16.6,13.5,24.7,1.5
halwa puri,364.7,6.2,17.3,47.8,1.5
protein shake,166.4,29.7,2.9,7.6,1.0
palak paneer,225.5,11.9,14.3,7.7,2.9
doner kebab,241.1,20.9,12.4,18.0,1.5
beef tacos,229.3,11.9,11.0,20.3,3.0
omelette,146.3,11.0,11.4,1.6,0.0
honey,317.0,0.3,0.0,86.5,0.2
bread,278.0,8.7,3.3,50.1,2.6
cottage cheese,97.3,11.2,4.2,3.4,0.0
naan,332.7,9.1,6.1,55.0,2.0
pasta,225.4,8.1,5.2,36.5,2.5
falafel,349.3,13.6,17.9,32.4,5.8
halwa,317.3,3.0,14.2,49.8,1.0
dal makhani,171.4,9.2,8.3,20.9,5.0
peanut butter toast,265.2,10.2,13.8,27.3,3.0
naan,323.9,8.8,5.9,58.0,2.0
french fries,310.1,3.4,15.5,39.4,3.7
onion,41.6,1.1,0.1,9.7,1.7
chicken breast,161.2,31.2,3.5,0.0,0.0
mac and cheese,308.1,12.3,12.5,41.1,1.6
kidney beans,131.3,8.4,0.5,23.4,6.4
qorma,240.0,17.6,15.6,8.4,0.5
aloo gosht,180.2,12.7,9.6,9.2,1.2
jalebi,362.1,2.0,9.7,68.6,0.3
lentils,111.5,9.0,0.4,19.3,8.1
steak,264.2,25.4,17.3,0.0,0.0
tomato,18.9,0.9,0.2,3.9,1.2
dates,263.8,1.8,0.2,76.1,6.7
paratha,333.2,7.4,13.7,42.6,2.1
egg,154.0,12.4,11.2,1.1,0.0
paye,190.1,17.6,12.4,2.1,0.0
omelette,151.7,11.1,11.1,1.6,0.0
chicken tikka,194.6,25.9,8.7,2.0,0.3
french fries,320.8,3.4,14.5,40.2,3.6
banana,92.7,1.1,0.3,22.2,2.5
palak paneer,223.9,12.4,14.3,7.7,2.9
green tea,1.9,0.0,0.0,0.5,0.0
green tea,2.0,0.0,0.0,0.5,0.0
beef tacos,234.0,11.6,10.6,19.2,3.1
milk,58.3,3.3,3.3,4.9,0.0
pizza slice,273.9,10.5,9.6,32.1,2.2
lentils,110.4,8.7,0.4,20.2,7.6
kheer,146.1,4.0,5.2,21.8,0.2
almonds,568.3,21.6,49.4,21.0,12.1
qorma,252.3,18.5,16.3,7.7,0.5
orange juice,111.3,1.7,0.5,25.9,0.5
ayran,55.7,2.9,2.5,5.2,0.0
spinach,23.3,3.0,0.4,3.5,2.2
banana,91.4,1.1,0.3,22.9,2.7
samosa,267.5,5.0,13.5,29.5,2.2
chicken biryani,210.6,13.4,8.4,25.5,0.9
mixed vegetables,52.3,2.5,0.5,9.8,3.5
dal makhani,173.4,9.4,8.1,20.5,4.8
french fries,306.8,3.5,15.4,39.5,4.0
orange juice,113.8,1.7,0.5,25.4,0.5
ayran,57.6,3.0,2.5,4.9,0.0
french fries,312.2,3.3,14.8,42.0,3.7
aloo gosht,173.2,13.0,10.4,9.4,1.3
chicken karahi,211.1,20.2,12.5,2.9,0.5
orange,47.4,0.9,0.1,11.7,2.4
cottage cheese,97.9,11.4,4.3,3.3,0.0
paneer,276.7,18.4,21.6,1.2,0.0
avocado toast,251.5,6.1,14.7,21.0,6.2
seekh kebab,214.8,18.5,14.4,2.0,0.5
turkish bread,269.7,9.0,3.6,52.9,2.0
mango,60.8,0.8,0.4,14.9,1.6
chapli kebab,290.9,17.7,19.5,5.1,0.5
seekh kebab,223.9,19.2,14.4,2.1,0.5
lassi,67.5,3.4,3.6,6.2,0.0
steak,259.7,25.0,18.4,0.0,0.0
dal makhani,180.4,9.4,8.0,20.8,4.8
chicken tikka,182.8,24.5,8.6,2.0,0.3
cereal,150.4,2.9,2.0,30.1,2.5
whole wheat bread,235.0,13.4,4.4,39.3,6.8
whole wheat bread,258.7,13.2,4.1,39.1,7.3
dahi,58.1,3.5,3.3,4.5,0.0
saag,59.4,3.5,3.1,6.1,2.5
broccoli,34.2,2.7,0.4,6.5,2.7
kidney beans,131.8,9.0,0.5,21.8,6.6
kheer,155.9,3.9,5.1,21.2,0.2
paneer,262.5,17.9,21.2,1.2,0.0
palak paneer,225.4,11.5,15.1,8.3,3.0
apple,50.4,0.3,0.2,14.4,2.3
kidney beans,129.0,8.5,0.5,22.1,6.6
pancakes,231.7,6.2,7.0,34.8,1.5
cottage cheese,100.0,11.0,4.5,3.3,0.0
carrot,41.8,0.9,0.2,9.9,2.8
chai,41.8,1.4,2.0,4.4,0.0
dates,286.2,1.8,0.2,72.1,6.6
oatmeal,151.1,6.1,3.2,26.4,4.0
chicken karahi,208.6,20.8,12.4,2.9,0.5
watermelon,28.7,0.6,0.2,7.8,0.4
protein shake,160.4,31.2,3.1,8.0,1.0
orange,46.1,0.9,0.1,11.6,2.5
paneer,255.0,18.5,20.7,1.1,0.0
halwa puri,370.5,5.8,18.3,45.7,1.4
kidney beans,125.5,8.4,0.5,22.1,6.6
chicken karahi,208.5,20.8,13.3,3.1,0.5
shawarma,240.4,17.9,11.4,16.7,1.2
mutton,292.6,26.1,20.4,0.0,0.0
black tea,2.0,0.0,0.0,0.4,0.0
paye,190.8,16.2,11.5,2.1,0.0
halwa puri,380.5,5.8,18.0,50.1,1.4
roti,265.6,7.8,3.7,55.1,2.7
butter chicken,243.6,22.6,13.4,6.0,0.5
honey,308.0,0.3,0.0,82.9,0.2
chickpeas,171.1,9.2,2.6,28.6,7.9
hummus,181.2,8.1,9.7,15.7,6.3
boiled eggs,158.5,12.5,11.1,1.1,0.0
broccoli,32.7,2.8,0.4,6.4,2.7
cereal,150.3,3.0,2.0,28.8,2.4
shawarma,235.2,18.1,11.2,16.8,1.2
carrot,42.6,0.9,0.2,10.3,2.8
shawarma,223.5,17.7,10.6,16.2,1.1
broccoli,33.4,2.9,0.4,6.4,2.7
french fries,322.2,3.5,14.3,39.2,3.8
onion,38.9,1.1,0.1,9.5,1.7
aloo gosht,176.2,13.3,9.7,9.3,1.2
green tea,2.0,0.0,0.0,0.5,0.0
naan,314.5,8.8,5.8,59.4,2.0
paratha,336.4,7.7,14.2,41.8,2.0
soup,71.9,3.8,2.0,10.1,1.5
dates,277.2,1.9,0.2,71.7,6.6
chicken biryani,210.8,14.6,8.4,26.8,0.9
greek yogurt,100.6,16.8,0.7,5.8,0.0
grilled chicken,166.5,32.3,3.4,0.0,0.0
apple,51.3,0.3,0.2,14.6,2.3
hummus,184.5,7.7,10.2,15.7,6.2
hummus,173.0,7.9,10.4,16.6,6.2
raita,61.8,2.9,3.6,4.5,0.0
jalebi,390.1,2.0,9.6,65.4,0.3
brown rice,116.2,2.7,0.9,24.0,1.9
beef pulao,217.9,13.5,6.8,26.2,0.8
green tea,2.1,0.0,0.0,0.5,0.0
honey,291.8,0.3,0.0,84.6,0.2
grilled salmon,198.1,19.9,12.9,0.0,0.0
omelette,160.1,11.2,11.3,1.6,0.0
apple,51.5,0.3,0.2,14.7,2.4
chana,157.5,9.0,2.7,26.3,7.6
pulao,178.5,5.9,5.0,27.9,0.8
aloo paratha,335.5,7.0,13.1,43.9,2.3
onion,39.2,1.1,0.1,9.4,1.6
falafel,334.0,12.8,18.3,31.1,5.9
kidney beans,123.6,8.3,0.5,23.5,6.2
falafel,319.9,12.4,17.4,32.0,6.2
oatmeal,159.1,5.7,3.3,28.3,4.0
chicken karahi,202.2,19.7,13.1,2.9,0.5
paneer,267.3,19.2,21.4,1.2,0.0
aloo gosht,171.3,13.3,9.8,8.9,1.2
nihari,178.4,15.2,10.6,4.0,0.5
white rice,130.6,2.8,0.3,28.8,0.4
chicken tikka,181.5,25.3,9.1,2.1,0.3
chai,39.0,1.4,2.0,4.5,0.0
aloo gosht,171.9,13.2,10.0,8.8,1.2
chai,39.2,1.4,2.0,4.6,0.0
dahi,60.4,3.6,3.2,4.8,0.0
falafel,323.1,13.3,17.2,31.0,6.0
seekh kebab,219.8,18.8,15.1,1.9,0.5
chicken karahi,209.6,20.6,13.2,2.9,0.5
pizza slice,263.6,10.6,9.8,32.2,2.3
aloo paratha,314.6,7.0,13.5,48.1,2.2
pulao,173.5,5.8,5.0,28.2,0.8
broccoli,33.8,2.8,0.4,6.5,2.6
baklava,336.5,4.8,18.6,38.1,1.5
fish,131.5,20.5,6.1,0.0,0.0
potato,76.6,1.9,0.1,16.2,2.3
cereal,154.0,3.0,2.0,30.7,2.4
egg,149.3,13.3,11.4,1.1,0.0
kidney beans,127.0,8.5,0.5,21.7,6.5
boiled eggs,149.4,13.0,10.6,1.1,0.0
chickpeas,157.1,8.6,2.6,27.6,7.9
lentils,114.6,9.2,0.4,19.3,8.2
paratha,331.5,7.9,14.1,44.9,2.2
ayran,54.5,2.9,2.6,4.8,0.0
lentils,110.3,9.4,0.4,20.4,8.3
mutton,288.5,23.8,20.8,0.0,0.0
orange,48.8,0.9,0.1,12.1,2.3
chicken karahi,200.8,19.9,13.0,2.9,0.5
sandwich,249.2,11.6,9.4,33.4,2.0
tomato,18.0,0.9,0.2,3.8,1.2
milk,60.0,3.2,3.3,5.0,0.0
grilled salmon,200.1,20.1,12.4,0.0,0.0
paneer,273.6,17.8,20.2,1.2,0.0
pancakes,225.0,5.8,6.9,35.0,1.6
carrot,42.1,0.9,0.2,10.5,2.8
fish,134.1,20.7,6.2,0.0,0.0
peanut butter toast,283.3,9.5,14.3,26.8,2.9
shami kebab,208.4,15.8,13.9,7.1,1.0
qorma,253.0,17.6,16.0,7.8,0.5
orange,44.8,0.9,0.1,11.6,2.4
avocado toast,234.0,6.1,15.3,22.2,5.9
paye,177.4,16.6,11.8,2.0,0.0
dal makhani,177.9,9.4,7.9,19.1,5.1
kheer,154.1,3.8,4.9,23.1,0.2
soup,74.9,4.2,2.0,10.3,1.5
oatmeal,152.1,6.3,3.2,26.5,4.1
chicken biryani,220.2,14.7,8.3,25.7,0.9
peanuts,557.8,24.6,46.8,15.3,8.6
chicken wings,293.6,26.7,18.5,0.0,0.0
kheer,151.0,4.0,5.0,22.4,0.2
soup,74.0,3.9,2.1,10.1,1.6
kidney beans,128.9,8.9,0.5,21.8,6.2
ayran,55.0,2.9,2.5,4.9,0.0
lassi,70.2,3.4,3.6,6.5,0.0
chicken wings,277.7,26.1,19.4,0.0,0.0
peanut butter toast,258.5,10.1,14.5,27.1,3.0
orange juice,110.6,1.7,0.5,24.7,0.5
potato,76.3,2.0,0.1,16.9,2.3
falafel,321.4,13.0,17.5,32.9,6.2
pide,279.8,10.8,8.7,41.5,2.0
avocado toast,250.1,6.1,14.5,22.5,5.9
falafel,343.0,13.3,17.7,32.8,6.2
brown rice,108.7,2.6,0.9,23.0,1.7
cottage cheese,101.9,11.2,4.4,3.3,0.0
mixed vegetables,52.7,2.6,0.5,10.2,3.5
hummus,176.9,7.7,10.0,15.4,5.8
dahi,59.9,3.5,3.2,4.8,0.0
halwa puri,386.2,6.1,18.2,45.7,1.5
hummus,168.3,7.9,10.5,15.8,5.8
aloo gosht,175.5,13.2,9.6,8.9,1.2
tomato,18.6,0.9,0.2,3.7,1.2
dates,285.1,1.9,0.2,77.9,6.4
naan,311.2,9.2,5.7,56.8,2.1
spinach,23.9,3.0,0.4,3.5,2.1
dahi,61.7,3.6,3.1,4.8,0.0
honey,307.9,0.3,0.0,81.9,0.2
paratha,315.2,7.2,14.0,43.6,2.1
protein shake,157.2,30.7,3.0,7.7,1.0
black tea,2.0,0.0,0.0,0.4,0.0
tomato,17.2,0.9,0.2,3.9,1.2
halwa puri,362.2,5.9,17.9,50.2,1.6
boiled eggs,149.5,13.3,11.5,1.1,0.0
omelette,150.4,11.5,11.2,1.6,0.0
doner kebab,248.2,20.9,12.5,18.9,1.6
carrot,40.2,0.9,0.2,10.5,2.8
peanuts,563.3,24.6,49.7,15.3,8.3
naan,303.7,8.7,6.1,58.0,1.9
butter chicken,229.3,22.5,13.5,5.7,0.5
butter chicken,228.8,21.5,14.1,6.0,0.5
butter chicken,230.6,21.5,13.7,6.1,0.5
saag,62.0,3.5,2.9,6.1,2.4
oatmeal,155.0,6.0,3.3,27.7,3.9
potato,79.0,2.0,0.1,17.5,2.2
mutton biryani,220.9,15.6,9.9,27.2,0.8
egg,149.2,12.4,11.1,1.1,0.0
lentil soup,132.3,7.7,2.5,19.6,5.2
paratha,336.1,7.3,14.4,41.3,2.2
chapli kebab,293.3,17.9,20.7,4.9,0.5
seekh kebab,230.9,19.9,14.3,2.0,0.5
avocado toast,235.6,5.9,14.9,21.0,6.2
mutton biryani,233.5,15.7,10.3,27.7,0.8
halwa puri,372.2,6.1,17.4,46.2,1.5
lentils,115.4,9.3,0.4,20.4,7.9
pasta,224.5,8.4,5.0,39.4,2.5
shawarma,222.7,18.2,10.6,16.1,1.2
chickpeas,163.0,8.7,2.6,26.5,7.8
hummus,176.8,8.0,10.2,16.6,6.0
aloo paratha,321.0,7.2,13.3,44.8,2.3
hummus,170.9,7.7,9.9,16.4,5.7
pasta,213.4,8.1,5.2,36.3,2.4
ayran,55.8,3.0,2.4,5.0,0.0
orange,46.4,0.9,0.1,11.8,2.5
chicken biryani,218.4,14.1,8.1,26.6,0.9
mac and cheese,328.6,11.8,12.8,41.3,1.5
whole wheat bread,254.7,13.1,4.3,40.3,7.2
mac and cheese,319.6,12.3,13.1,38.9,1.5
chapli kebab,273.2,18.7,20.8,4.8,0.5
chicken breast,160.8,31.1,3.6,0.0,0.0
whole wheat bread,254.1,12.8,4.2,41.6,7.0
peanuts,547.7,25.9,47.5,16.4,8.5
mac and cheese,334.9,12.3,13.4,38.9,1.5
sandwich,239.2,11.6,9.4,31.8,1.9
chapli kebab,287.3,18.7,20.6,5.0,0.5
hummus,174.5,8.3,9.7,15.5,5.7
watermelon,29.5,0.6,0.2,7.4,0.4
spinach,23.2,2.8,0.4,3.7,2.1
mutton,291.6,24.2,21.4,0.0,0.0
paye,179.5,17.5,12.1,1.9,0.0
mac and cheese,318.6,12.1,12.9,39.6,1.6
sandwich,245.1,11.7,9.3,31.4,1.9
chicken breast,161.6,30.7,3.5,0.0,0.0
chapli kebab,281.8,17.3,19.6,5.0,0.5
qorma,258.8,18.7,15.3,8.0,0.5
almonds,595.6,21.3,50.4,20.9,12.6
milk,59.0,3.2,3.3,4.9,0.0
roti,256.6,8.4,3.7,50.8,2.6
paratha,323.2,7.6,13.6,43.8,2.1
mixed vegetables,53.7,2.4,0.5,10.5,3.5
naan,331.9,9.1,6.0,58.4,1.9
baklava,321.4,5.1,17.3,40.0,1.5
tomato,17.2,0.9,0.2,3.8,1.2
steak,283.9,25.7,17.5,0.0,0.0
biryani,202.0,8.7,7.3,28.8,0.8
paratha,338.5,7.4,14.2,41.5,2.2
pulao,184.1,6.1,4.9,29.1,0.8
biryani,195.4,9.3,7.2,26.8,0.8
qorma,247.8,18.1,15.2,7.7,0.5
brown rice,114.1,2.6,0.9,22.7,1.8
chicken wings,299.4,28.0,19.8,0.0,0.0
beef tacos,223.6,11.9,10.5,20.6,3.1
palak paneer,210.3,12.6,14.4,7.9,3.0
pasta,214.8,8.4,5.2,36.8,2.4
pizza slice,253.4,11.2,10.2,32.7,2.3
pizza slice,268.7,11.5,9.8,33.6,2.3
paneer,266.6,17.4,20.4,1.2,0.0
dahi,59.7,3.4,3.2,4.8,0.0
kofte,251.9,18.6,16.7,5.0,0.5
chicken biryani,212.9,13.3,8.3,25.2,0.9
mango,62.3,0.8,0.4,15.6,1.6
qorma,242.1,17.8,16.7,7.8,0.5
white rice,128.5,2.7,0.3,28.7,0.4
paneer,274.6,19.1,20.0,1.2,0.0
chicken biryani,210.4,14.2,7.9,26.1,0.9
soup,74.4,3.9,2.0,10.3,1.5
whole wheat bread,237.5,13.0,4.0,40.1,6.9
halwa,314.8,3.0,14.1,47.9,1.0
sweet potato,89.4,1.6,0.1,20.8,3.0
ayran,56.4,3.0,2.5,4.9,0.0
chicken karahi,219.8,19.4,12.8,2.9,0.5
pulao,176.8,6.2,4.8,28.5,0.8
greek yogurt,102.4,17.7,0.7,5.9,0.0
qorma,250.6,18.4,15.4,8.1,0.5
chicken breast,163.7,31.4,3.4,0.0,0.0
broccoli,32.3,2.8,0.4,6.4,2.6
sandwich,244.3,12.6,8.7,33.3,1.9
paratha,339.1,7.6,13.7,43.2,2.0
aloo paratha,321.9,6.7,12.8,47.7,2.2
shawarma,236.7,17.3,11.3,16.7,1.2
chicken karahi,213.0,20.2,13.2,3.1,0.5
qorma,246.5,17.2,16.3,8.3,0.5
turkish bread,273.2,9.3,3.6,50.2,2.1
oatmeal,164.1,6.2,3.1,26.5,3.9
daal,118.2,8.2,0.4,20.0,7.9
avocado toast,230.2,6.0,15.7,21.6,5.8
steak,264.9,26.8,18.7,0.0,0.0
kofte,235.3,18.6,16.2,5.0,0.5
omelette,158.4,10.8,10.9,1.5,0.0
brown rice,107.2,2.5,0.9,24.3,1.9
onion,38.5,1.1,0.1,9.1,1.7
spinach,22.8,3.0,0.4,3.7,2.2
halwa,308.4,3.1,14.4,46.2,1.0
carrot,42.7,0.9,0.2,9.6,2.7
dal makhani,176.6,9.4,7.8,19.3,4.9
chai,41.2,1.5,1.9,4.5,0.0
egg,161.6,12.5,11.3,1.1,0.0
baklava,336.2,4.8,17.4,40.8,1.5
grilled chicken,167.9,30.5,3.6,0.0,0.0
beef pulao,216.1,14.5,7.1,26.7,0.8
biryani,206.4,8.6,7.3,28.4,0.8
honey,303.9,0.3,0.0,79.6,0.2
fish,142.2,19.1,5.8,0.0,0.0
avocado toast,242.2,6.2,15.6,21.4,5.7
halwa puri,390.8,6.2,18.0,47.8,1.6
lentil soup,132.9,7.9,2.5,19.6,4.8
sandwich,239.6,12.1,9.1,33.2,2.0
kofte,244.3,19.9,15.3,5.1,0.5
chickpeas,164.3,8.7,2.6,26.2,7.9
broccoli,33.9,2.8,0.4,6.6,2.6
butter chicken,251.0,22.2,13.5,6.1,0.5
pizza slice,268.3,11.1,10.5,33.1,2.3
dates,274.9,1.8,0.2,75.9,7.0
lassi,69.6,3.5,3.4,6.4,0.0
halwa,314.5,2.9,14.4,49.1,1.0
sweet potato,89.2,1.7,0.1,19.5,3.1
lassi,69.4,3.4,3.5,6.7,0.0
omelette,156.3,10.5,10.5,1.7,0.0
kidney beans,133.1,8.8,0.5,22.1,6.6
chicken breast,163.1,31.9,3.6,0.0,0.0
white rice,130.6,2.6,0.3,27.6,0.4
watermelon,29.3,0.6,0.2,7.4,0.4
chicken biryani,203.5,13.9,7.9,27.1,0.9
banana,86.3,1.1,0.3,22.2,2.7
chicken tikka,193.6,25.8,9.4,1.9,0.3
seekh kebab,211.0,19.2,15.2,2.0,0.5
pide,294.4,10.7,9.2,41.8,1.9
orange,45.6,0.9,0.1,12.4,2.5
tomato,17.9,0.9,0.2,3.8,1.3
burger,291.0,17.4,14.4,22.9,1.6
paye,193.2,16.8,11.5,2.0,0.0
banana,88.4,1.1,0.3,21.9,2.6
turkish bread,259.9,8.8,3.5,50.0,2.0
shawarma,221.4,17.3,11.1,15.3,1.2
burger,292.4,17.6,14.3,24.9,1.5
daal,111.1,7.6,0.4,19.6,7.7
beef tacos,225.5,12.3,11.5,20.6,3.1
boiled eggs,155.4,13.2,11.3,1.1,0.0
mutton,290.8,25.2,21.8,0.0,0.0
shawarma,241.3,17.9,10.5,16.2,1.1
french fries,318.6,3.6,15.5,41.7,3.9
falafel,324.2,13.2,17.7,33.5,6.1
avocado toast,247.0,5.7,14.8,22.8,6.2
chapli kebab,282.6,17.4,20.7,5.0,0.5
kidney beans,129.9,8.9,0.5,23.4,6.6
avocado toast,246.5,6.2,15.6,21.7,5.8
cottage cheese,102.1,11.1,4.4,3.3,0.0
kidney beans,121.8,9.1,0.5,21.9,6.2
butter chicken,251.6,22.2,14.1,6.2,0.5
milk,62.0,3.3,3.2,4.8,0.0
palak paneer,218.9,12.3,15.0,8.0,3.1
bread,260.8,9.2,3.0,50.5,2.6
chicken biryani,208.4,14.1,8.3,26.3,0.9
aloo paratha,325.8,6.7,13.3,46.3,2.4
broccoli,35.6,2.8,0.4,6.8,2.5
peanut butter toast,282.1,10.4,14.3,26.7,2.9
hummus,181.7,7.7,9.8,15.7,5.8
kofte,243.8,18.9,15.8,5.0,0.5
dal makhani,179.8,8.8,8.3,20.8,4.8
chicken wings,281.1,27.3,18.1,0.0,0.0
boiled eggs,150.3,12.9,10.7,1.1,0.0
green tea,2.1,0.0,0.0,0.5,0.0
chicken biryani,210.7,13.9,8.0,25.2,0.9
kofte,250.9,19.3,15.3,5.1,0.5
sandwich,246.1,12.1,8.9,32.9,2.1
chai,38.2,1.5,1.9,4.7,0.0
peanut butter toast,282.7,9.5,13.4,26.7,3.1
almonds,603.2,21.4,49.9,22.2,12.3
kidney beans,131.9,8.7,0.5,23.0,6.7
protein shake,159.7,28.7,3.1,8.3,1.0
burger,307.3,17.2,14.5,24.6,1.5
white rice,135.2,2.8,0.3,28.1,0.4
turkish bread,258.7,9.3,3.5,51.5,2.1
mango,59.8,0.8,0.4,15.2,1.5
pizza slice,253.8,10.8,10.2,33.0,2.3
halwa,325.8,2.9,13.4,49.4,1.0
naan,318.6,8.9,5.7,54.6,2.1
ayran,52.4,3.0,2.4,4.9,0.0
white rice,128.1,2.8,0.3,27.9,0.4
honey,305.4,0.3,0.0,79.8,0.2
kheer,152.9,4.1,5.1,21.8,0.2
dahi,58.7,3.4,3.3,4.8,0.0
boiled eggs,155.0,13.3,11.0,1.1,0.0
soup,77.9,4.1,2.0,9.6,1.5
steak,267.5,26.4,17.4,0.0,0.0
steak,274.2,25.9,18.4,0.0,0.0
peanuts,544.2,26.5,49.4,15.9,8.7
fish,138.8,19.6,5.8,0.0,0.0
aloo gosht,183.6,13.3,9.8,8.9,1.2
carrot,42.7,0.9,0.2,9.9,2.9
pulao,175.7,5.9,5.2,27.9,0.8
chickpeas,164.5,8.8,2.6,27.6,7.9
aloo paratha,335.4,6.7,12.8,44.5,2.4
grilled salmon,206.3,20.1,13.1,0.0,0.0
grilled salmon,204.4,20.2,13.4,0.0,0.0
bread,270.7,9.1,3.1,50.4,2.7
daal,117.9,7.7,0.4,19.2,7.5
aloo paratha,309.9,6.9,12.6,48.2,2.3
hummus,169.2,8.2,10.1,16.0,6.2
paneer,263.5,17.9,20.1,1.2,0.0
saag,61.4,3.5,2.9,5.8,2.6
mutton,293.5,25.5,21.9,0.0,0.0
mixed vegetables,53.3,2.6,0.5,10.0,3.7
green tea,1.9,0.0,0.0,0.5,0.0
mixed vegetables,55.6,2.5,0.5,9.8,3.6
whole wheat bread,249.0,12.4,4.3,39.2,7.2
green tea,2.1,0.0,0.0,0.5,0.0
mac and cheese,318.7,11.6,12.4,38.6,1.6
tomato,17.4,0.9,0.2,4.0,1.2
falafel,349.5,12.7,18.6,31.0,6.1
boiled eggs,159.9,12.6,10.5,1.1,0.0
kidney beans,126.1,8.8,0.5,21.9,6.7
banana,93.0,1.1,0.3,22.0,2.6
chana masala,170.2,9.1,2.7,27.7,7.4
black tea,2.0,0.0,0.0,0.4,0.0
pulao,174.6,5.9,5.0,27.2,0.8
halwa puri,370.3,5.8,18.1,45.9,1.5
mutton biryani,233.8,15.6,10.2,27.2,0.8
chai,41.9,1.5,2.0,4.7,0.0
milk,60.9,3.4,3.4,4.7,0.0
chicken karahi,211.6,19.6,13.3,3.0,0.5
daal,115.7,8.1,0.4,19.4,8.0
burger,291.0,17.5,13.5,24.9,1.6
almonds,572.6,21.1,49.9,21.4,12.6
chicken tikka,194.8,26.1,9.0,2.0,0.3
apple,52.3,0.3,0.2,13.5,2.3
pancakes,231.6,6.2,7.0,36.1,1.5
mixed vegetables,53.6,2.6,0.5,10.5,3.3
peanuts,555.0,26.1,46.9,15.9,8.1
boiled eggs,153.4,13.1,11.4,1.1,0.0
chicken wings,278.5,27.8,19.2,0.0,0.0
mutton,308.7,24.8,20.7,0.0,0.0
grilled chicken,163.9,30.4,3.7,0.0,0.0
shawarma,238.1,17.2,11.5,16.0,1.2
chana masala,164.6,8.8,2.7,26.2,7.3
onion,38.2,1.1,0.1,9.1,1.6
chai,40.9,1.5,1.9,4.5,0.0
halwa puri,371.5,6.1,18.1,47.2,1.6
black tea,1.9,0.0,0.0,0.4,0.0
spinach,24.1,2.8,0.4,3.7,2.1
spinach,24.0,2.9,0.4,3.6,2.2
pancakes,234.5,5.7,6.8,36.5,1.5
saag,59.5,3.6,3.1,5.7,2.4
chapli kebab,286.2,18.3,21.0,4.9,0.5
aloo paratha,320.9,6.7,12.9,43.8,2.4
orange juice,114.9,1.6,0.5,24.7,0.5
doner kebab,250.5,20.1,12.4,18.0,1.4
milk,62.2,3.2,3.4,4.6,0.0
orange juice,111.7,1.8,0.5,25.9,0.5
omelette,156.5,11.1,11.2,1.6,0.0
mango,58.5,0.8,0.4,15.5,1.6
apple,51.0,0.3,0.2,13.5,2.4
turkish bread,270.7,9.3,3.5,50.6,2.1
palak paneer,212.9,11.6,14.5,8.0,3.1
seekh kebab,228.1,19.0,15.6,2.0,0.5
chicken breast,163.0,31.8,3.7,0.0,0.0
mixed vegetables,55.0,2.6,0.5,9.8,3.5
peanut butter toast,263.3,10.2,13.4,27.0,3.1
tomato,18.7,0.9,0.2,4.0,1.2
sweet potato,85.0,1.6,0.1,19.1,3.0
orange,45.3,0.9,0.1,11.5,2.4
lassi,68.4,3.6,3.4,6.5,0.0
black tea,1.9,0.0,0.0,0.4,0.0
roti,263.3,8.0,3.6,55.0,2.7
bread,261.4,9.3,3.3,49.5,2.8
halwa,332.9,2.9,13.9,47.1,1.0
boiled eggs,158.2,12.6,10.7,1.1,0.0
paye,181.2,16.9,12.1,1.9,0.0
aloo paratha,321.3,7.1,12.8,43.7,2.3
banana,90.3,1.1,0.3,22.1,2.5
cottage cheese,99.4,10.9,4.3,3.4,0.0
beef pulao,211.4,13.6,7.2,26.9,0.8
milk,61.2,3.1,3.3,5.0,0.0
chana masala,167.9,9.2,2.5,27.9,7.3
chicken tikka,181.1,23.9,8.6,2.0,0.3
dates,279.1,1.9,0.2,74.6,6.5
hummus,169.7,7.7,10.2,16.7,5.8
chana,160.2,8.5,2.6,27.0,7.9
broccoli,32.3,2.9,0.4,6.3,2.6
protein shake,167.7,29.1,3.0,8.0,1.0
milk,59.8,3.2,3.3,4.8,0.0
honey,318.6,0.3,0.0,78.9,0.2
milk,58.1,3.1,3.4,5.0,0.0
kofte,251.4,18.5,16.0,4.9,0.5
oatmeal,153.1,5.8,3.2,25.8,4.1
milk,62.1,3.2,3.4,5.0,0.0
aloo gosht,177.3,13.2,10.3,8.7,1.2
paneer,260.3,18.8,20.8,1.2,0.0
butter chicken,245.9,21.5,14.1,6.0,0.5
kidney beans,128.1,8.6,0.5,23.5,6.5
caesar salad,194.8,7.3,14.7,10.9,2.0
baklava,327.7,5.0,18.7,38.5,1.5
grilled salmon,214.2,20.3,12.9,0.0,0.0
beef pulao,205.4,14.1,6.9,24.9,0.8
samosa,261.8,5.1,14.4,30.8,2.3
black tea,2.0,0.0,0.0,0.4,0.0
dates,274.0,1.9,0.2,77.8,6.4
biryani,202.4,8.6,6.9,28.2,0.8
chicken tikka,196.8,25.1,9.2,2.1,0.3
fish,136.4,19.8,5.9,0.0,0.0
chicken breast,168.9,31.2,3.6,0.0,0.0
cereal,156.0,3.1,2.0,30.3,2.6
beef pulao,208.9,14.7,6.9,25.4,0.8
potato,73.5,1.9,0.1,17.2,2.3
watermelon,28.6,0.6,0.2,7.8,0.4
caesar salad,192.2,6.7,13.4,10.5,1.9
mutton biryani,233.7,16.2,10.4,27.1,0.8
caesar salad,192.8,7.3,13.6,10.5,1.9
broccoli,34.1,2.8,0.4,6.8,2.6
shawarma,231.8,18.4,11.0,16.8,1.2
raita,60.3,3.0,3.3,4.3,0.0
fish,134.4,20.0,6.1,0.0,0.0
french fries,312.9,3.5,15.3,40.8,3.7
fish,138.5,19.6,6.0,0.0,0.0
soup,72.8,4.0,2.0,10.2,1.5
egg,149.2,13.2,10.6,1.1,0.0
fish,142.0,19.9,6.3,0.0,0.0
honey,314.6,0.3,0.0,85.3,0.2
lentil soup,131.9,7.6,2.4,19.4,4.9
saag,58.7,3.7,3.1,5.8,2.6
cereal,146.5,3.1,2.0,29.2,2.4
cottage cheese,101.7,10.9,4.4,3.4,0.0
onion,38.1,1.1,0.1,9.6,1.7
grilled chicken,162.8,29.9,3.5,0.0,0.0
soup,73.4,4.0,2.1,9.5,1.6
saag,59.8,3.6,3.1,5.9,2.6
chicken wings,298.4,27.5,19.1,0.0,0.0
avocado toast,233.6,6.1,15.7,21.4,6.1
apple,53.7,0.3,0.2,14.3,2.3
raita,62.5,2.9,3.4,4.3,0.0
butter chicken,247.8,22.0,13.5,5.9,0.5
carrot,41.4,0.9,0.2,9.9,2.8
honey,317.1,0.3,0.0,81.6,0.2
omelette,151.2,10.9,10.8,1.6,0.0
chicken karahi,214.6,20.1,13.3,3.1,0.5
falafel,328.5,12.7,17.3,30.4,6.0
fish,133.8,19.9,5.8,0.0,0.0
lentil soup,132.9,7.9,2.6,19.2,4.8
kheer,151.9,4.0,4.8,21.1,0.2
naan,311.9,9.3,5.8,55.2,2.0
chai,39.8,1.6,2.0,4.3,0.0
grilled salmon,215.6,19.2,12.6,0.0,0.0
chai,39.5,1.6,2.0,4.7,0.0
mutton biryani,222.8,15.5,9.8,27.2,0.8
burger,284.5,16.4,14.7,23.9,1.5
boiled eggs,152.6,13.1,11.0,1.1,0.0
falafel,346.7,13.2,17.4,32.7,6.3
sweet potato,89.2,1.7,0.1,20.7,3.0
kidney beans,132.5,8.9,0.5,22.0,6.6
sandwich,245.3,12.1,9.2,32.4,2.0
broccoli,32.7,2.9,0.4,6.5,2.7
paratha,313.2,7.4,13.5,45.0,2.1
nihari,186.0,15.0,11.2,4.0,0.5
broccoli,34.2,2.9,0.4,6.3,2.6
soup,72.2,4.0,2.0,10.4,1.5
mango,57.9,0.8,0.4,14.8,1.6
chicken tikka,192.9,24.5,8.6,1.9,0.3
steak,272.0,25.6,17.2,0.0,0.0
cereal,146.1,3.1,2.1,29.6,2.5
chicken wings,278.1,27.8,18.3,0.0,0.0
black tea,2.0,0.0,0.0,0.4,0.0
cereal,149.1,3.0,2.0,31.3,2.4
raita,60.4,2.9,3.4,4.4,0.0
hummus,173.6,8.3,10.4,15.9,5.9
honey,290.1,0.3,0.0,80.6,0.2
halwa,308.2,2.9,14.3,45.6,1.0
kofte,234.9,19.8,16.2,5.2,0.5
chicken biryani,213.4,13.6,8.1,25.0,0.9
mac and cheese,313.6,11.5,12.7,38.8,1.4
lentils,111.0,8.6,0.4,20.0,7.9
aloo paratha,314.9,7.2,13.0,43.8,2.3
grilled chicken,164.6,32.1,3.6,0.0,0.0
shami kebab,212.4,15.3,14.0,6.7,1.0
sweet potato,82.7,1.6,0.1,19.9,2.9
brown rice,114.0,2.7,0.9,24.2,1.8
sandwich,247.8,11.4,9.1,34.5,2.0
chickpeas,159.1,9.2,2.7,28.7,7.4
green tea,2.0,0.0,0.0,0.5,0.0
mutton biryani,230.4,15.5,9.9,27.5,0.8
oatmeal,153.3,6.2,3.3,26.6,4.1
chana,167.3,8.8,2.7,25.9,7.3
pancakes,233.9,5.8,7.1,36.4,1.5
grilled chicken,163.0,30.7,3.6,0.0,0.0
dates,281.5,1.9,0.2,78.0,6.7
cottage cheese,100.7,11.6,4.1,3.4,0.0
mutton,300.3,25.1,20.0,0.0,0.0
chana,167.9,8.8,2.6,26.8,7.8
palak paneer,220.1,11.7,14.9,8.3,3.1
sandwich,259.4,11.9,8.7,32.8,2.0
naan,307.9,8.9,5.7,56.3,2.1
protein shake,165.8,29.7,2.9,7.7,1.0
boiled eggs,161.6,13.3,10.7,1.0,0.0
chai,40.2,1.5,2.0,4.5,0.0
jalebi,391.9,2.0,9.8,68.8,0.3
paratha,312.0,7.6,13.8,42.2,2.2
raita,62.9,2.9,3.6,4.6,0.0
doner kebab,242.8,20.5,12.2,17.3,1.5
butter chicken,239.8,22.2,14.5,6.3,0.5
omelette,148.3,10.5,10.7,1.6,0.0
green tea,2.0,0.0,0.0,0.5,0.0
roti,273.8,7.8,3.8,53.6,2.6
french fries,321.6,3.6,14.4,40.2,4.0
honey,301.6,0.3,0.0,80.9,0.2
samosa,267.8,5.1,14.1,29.7,2.1
mutton,283.1,25.2,21.0,0.0,0.0
watermelon,28.9,0.6,0.2,7.5,0.4
sandwich,244.6,12.1,8.6,32.4,2.0
seekh kebab,209.0,18.8,15.3,2.1,0.5
chana masala,165.0,9.2,2.6,27.1,7.9
aloo paratha,327.3,7.1,13.0,46.9,2.4
kidney beans,126.9,9.1,0.5,23.7,6.1
bread,270.4,9.1,3.1,48.2,2.6
kheer,148.8,4.0,4.8,21.5,0.2
apple,54.3,0.3,0.2,14.3,2.4
chicken biryani,207.3,14.3,8.3,25.0,0.9
caesar salad,182.1,7.0,14.5,11.2,2.0
cereal,143.2,3.1,2.0,29.8,2.5
qorma,262.2,17.2,16.2,7.7,0.5
burger,283.7,17.4,13.9,25.0,1.5
pancakes,230.1,5.7,6.7,34.6,1.6
raita,62.5,3.0,3.7,4.5,0.0
carrot,41.7,0.9,0.2,10.1,2.8
chicken biryani,219.0,14.1,7.9,25.9,0.9
chicken tikka,192.6,26.1,9.3,2.1,0.3
shawarma,221.8,17.5,11.3,16.4,1.1
raita,60.2,3.1,3.4,4.5,0.0
biryani,208.1,9.1,7.1,29.0,0.8
milk,61.5,3.1,3.3,4.7,0.0
cereal,151.1,3.0,2.0,30.7,2.6
paneer,262.1,19.2,20.1,1.3,0.0
orange juice,113.6,1.6,0.5,26.8,0.5
saag,61.2,3.4,3.0,5.7,2.5
boiled eggs,153.8,13.4,10.7,1.1,0.0
kofte,245.8,18.6,15.2,5.1,0.5
almonds,557.0,21.7,49.5,20.5,12.7
tomato,18.2,0.9,0.2,3.8,1.1
aloo gosht,181.6,12.4,10.1,8.6,1.3
aloo paratha,328.3,6.8,12.6,46.7,2.3
pasta,209.1,7.7,4.8,37.9,2.5
mutton,289.2,25.4,21.9,0.0,0.0
egg,162.1,12.5,11.2,1.1,0.0
peanuts,555.2,27.0,48.7,15.9,8.7
grilled salmon,208.7,20.2,12.8,0.0,0.0
qorma,258.4,18.2,16.4,8.0,0.5
potato,80.5,2.0,0.1,16.7,2.1
chickpeas,169.5,9.1,2.6,26.6,7.3
pancakes,233.4,5.7,7.2,34.2,1.5
lentil soup,135.4,7.6,2.5,19.3,5.1
butter chicken,248.2,21.4,13.4,5.8,0.5
watermelon,29.0,0.6,0.2,8.0,0.4
egg,156.3,12.9,11.1,1.1,0.0
roti,271.3,7.8,3.5,52.0,2.6
french fries,319.8,3.5,14.4,39.8,3.8
protein shake,167.0,30.3,3.0,8.1,1.0
kidney beans,121.6,8.9,0.5,22.7,6.2
pizza slice,269.8,10.8,9.6,31.6,2.4
banana,91.7,1.1,0.3,22.4,2.5
avocado toast,241.5,5.8,14.6,22.1,6.3
dahi,61.5,3.3,3.3,4.5,0.0
pide,297.4,11.1,9.0,40.6,2.0
paneer,274.3,17.5,21.8,1.2,0.0
palak paneer,211.0,12.5,14.3,8.2,2.9
peanut butter toast,281.3,9.8,13.3,25.6,2.9
burger,298.1,17.6,14.2,25.1,1.5
turkish bread,279.5,8.7,3.4,50.1,2.1
milk,61.9,3.1,3.3,5.0,0.0
spinach,22.5,2.9,0.4,3.8,2.2
egg,148.3,13.2,11.3,1.1,0.0
milk,61.0,3.2,3.4,4.6,0.0
greek yogurt,104.4,16.8,0.7,5.8,0.0
mango,59.0,0.8,0.4,14.9,1.7
mac and cheese,305.1,12.2,13.2,41.5,1.4
peanut butter toast,281.5,10.2,14.5,25.3,2.9
chai,40.1,1.5,2.1,4.5,0.0
cereal,151.1,3.0,2.1,31.2,2.6
hummus,181.4,7.8,10.2,16.7,6.2
turkish bread,270.8,8.9,3.4,50.3,2.0
nihari,185.2,14.9,11.5,4.0,0.5
protein shake,156.0,31.2,3.1,8.0,1.0
cottage cheese,100.6,11.3,4.1,3.4,0.0
whole wheat bread,252.4,13.1,4.1,39.3,7.0
chapli kebab,284.1,18.3,19.5,5.0,0.5
mixed vegetables,55.6,2.5,0.5,10.3,3.4
peanuts,574.1,24.6,47.8,16.0,8.8
falafel,332.3,13.2,17.6,31.7,6.0
chapli kebab,279.8,18.4,19.2,5.2,0.5
samosa,273.1,4.8,14.5,29.7,2.1
paye,189.6,16.6,12.0,2.1,0.0
nihari,181.2,15.3,11.3,3.8,0.5
naan,304.8,8.6,6.0,55.7,2.0
chana masala,157.2,8.5,2.7,26.3,7.6
nihari,186.7,14.9,11.0,4.0,0.5
jalebi,371.4,2.0,9.7,67.7,0.3
protein shake,163.1,31.0,3.1,8.1,1.0
grilled salmon,209.3,19.2,13.1,0.0,0.0
shami kebab,216.8,16.6,14.7,7.0,1.0
ayran,56.3,3.1,2.5,4.9,0.0
lentil soup,125.0,7.7,2.4,19.2,5.2
chicken tikka,186.6,25.3,8.9,2.0,0.3
turkish bread,261.7,9.3,3.3,54.4,2.0
mixed vegetables,53.7,2.5,0.5,9.6,3.5
chicken karahi,218.3,20.7,12.7,3.0,0.5
paneer,252.7,18.0,20.7,1.2,0.0
tomato,18.2,0.9,0.2,3.9,1.2
almonds,590.3,22.0,48.9,21.6,12.4
whole wheat bread,257.8,13.0,4.2,41.3,7.0
jalebi,381.8,2.1,9.6,70.2,0.3
grilled salmon,209.9,19.1,13.5,0.0,0.0
chicken biryani,205.6,13.8,7.7,26.0,0.9
ayran,53.2,3.0,2.5,5.2,0.0
chapli kebab,270.1,18.2,20.5,5.2,0.5
saag,61.9,3.5,3.0,6.0,2.4
palak paneer,224.9,11.9,15.7,7.7,3.1
lentils,121.7,8.6,0.4,19.8,7.9
beef tacos,228.3,11.5,10.6,19.4,3.0
almonds,603.2,21.8,51.1,21.3,12.6
mutton biryani,231.0,15.6,9.9,27.9,0.8
tomato,18.5,0.9,0.2,3.9,1.2
honey,298.3,0.3,0.0,79.3,0.2
jalebi,392.3,2.0,10.3,64.9,0.3
ayran,54.8,2.9,2.5,5.1,0.0
mango,59.2,0.8,0.4,15.4,1.6
grilled chicken,166.9,30.6,3.6,0.0,0.0
egg,156.0,12.8,10.8,1.1,0.0
naan,332.7,8.6,5.8,55.7,2.1
pide,284.0,10.9,9.1,40.0,1.9
broccoli,34.4,2.8,0.4,6.9,2.5
chana,164.0,8.8,2.7,25.9,7.6
omelette,153.5,11.4,10.8,1.7,0.0
saag,59.3,3.6,3.0,6.0,2.5
milk,63.8,3.1,3.4,4.6,0.0
lentil soup,131.1,8.2,2.6,19.3,4.9
bread,277.7,8.6,3.4,48.2,2.7
steak,273.9,25.5,17.7,0.0,0.0
baklava,345.9,5.0,17.3,40.4,1.5
kofte,243.7,19.7,15.5,5.0,0.5
banana,91.6,1.0,0.3,23.7,2.6
grilled chicken,159.7,32.1,3.8,0.0,0.0
dates,285.5,1.8,0.2,75.5,7.0
mutton,302.8,26.0,20.7,0.0,0.0
greek yogurt,95.2,17.3,0.7,6.2,0.0
egg,161.9,12.6,11.5,1.1,0.0
paratha,310.5,7.3,14.0,44.5,2.0
beef pulao,206.2,14.4,7.1,25.2,0.8
banana,88.0,1.1,0.3,22.8,2.5
mixed vegetables,57.3,2.5,0.5,10.4,3.5
boiled eggs,151.3,13.5,10.9,1.1,0.0
french fries,315.7,3.3,14.6,40.0,3.7
halwa puri,378.2,5.8,17.7,47.8,1.5
kheer,148.3,3.9,4.9,21.1,0.2
honey,317.0,0.3,0.0,82.4,0.2
biryani,204.1,8.9,7.2,29.3,0.8
boiled eggs,157.5,12.8,10.8,1.1,0.0
mango,58.2,0.8,0.4,15.7,1.6
kheer,144.1,3.8,4.9,21.7,0.2
carrot,39.9,0.9,0.2,9.8,2.8
orange,45.4,0.9,0.1,12.2,2.3
spinach,23.7,2.9,0.4,3.6,2.3
turkish bread,261.8,8.7,3.4,49.6,2.1
lentil soup,128.1,8.1,2.4,20.8,5.2
honey,307.4,0.3,0.0,78.5,0.2
kidney beans,131.5,8.6,0.5,22.9,6.4
chicken breast,167.8,32.0,3.5,0.0,0.0
chana,160.9,9.1,2.7,26.0,7.8
daal,112.8,7.7,0.4,20.1,7.7
hummus,175.9,8.3,9.7,15.8,6.0
paneer,268.0,17.7,20.3,1.3,0.0
aloo gosht,168.0,13.4,9.5,9.0,1.3
beef pulao,205.9,14.0,6.9,25.5,0.8
honey,293.9,0.3,0.0,85.4,0.2
turkish bread,283.5,8.7,3.6,50.6,1.9
cereal,147.8,3.0,2.0,30.6,2.4
spinach,23.8,3.0,0.4,3.7,2.1
fish,134.2,20.1,5.7,0.0,0.0
baklava,342.1,5.2,17.4,41.5,1.4
spinach,23.9,2.9,0.4,3.8,2.2
nihari,186.7,14.9,11.2,4.2,0.5
whole wheat bread,256.0,12.9,4.0,39.8,6.8
kheer,147.8,4.2,5.0,22.4,0.2
halwa puri,369.9,5.7,18.7,48.3,1.6
ayran,56.0,3.1,2.6,5.2,0.0
palak paneer,224.4,12.2,14.4,7.7,2.9
peanut butter toast,265.5,10.3,13.5,26.1,3.1
egg,151.1,12.6,11.3,1.1,0.0
dahi,59.3,3.7,3.4,4.6,0.0
samosa,261.6,5.0,13.7,31.8,2.1
burger,299.2,17.2,14.4,23.1,1.5
almonds,602.8,20.2,47.8,21.3,12.4
sandwich,246.3,12.3,9.4,33.9,2.1
chicken biryani,208.2,13.7,8.3,26.8,0.9
lentils,116.5,8.9,0.4,20.1,8.1
biryani,194.9,9.0,7.1,27.7,0.8
kheer,157.0,3.9,5.1,22.0,0.2
potato,73.5,2.0,0.1,16.4,2.3
soup,74.1,4.2,1.9,10.4,1.5
tomato,17.8,0.9,0.2,3.9,1.2
qorma,257.0,18.4,15.4,7.9,0.5
steak,265.4,27.1,18.3,0.0,0.0
orange juice,116.7,1.7,0.5,26.1,0.5
orange juice,114.4,1.7,0.5,26.1,0.5
aloo paratha,323.3,7.2,13.3,46.7,2.3
avocado toast,232.6,6.1,14.5,21.3,5.8
pizza slice,270.2,10.9,10.5,33.3,2.2
shami kebab,211.6,15.6,14.1,7.3,1.0
falafel,332.1,13.5,17.3,31.0,6.3
butter chicken,244.7,22.1,13.4,6.1,0.5
sweet potato,87.4,1.6,0.1,19.1,3.1
beef tacos,221.0,12.3,10.8,19.8,3.1
chicken wings,294.8,26.5,19.0,0.0,0.0
aloo paratha,329.7,6.8,12.8,47.8,2.4
greek yogurt,95.8,17.6,0.7,6.1,0.0
soup,73.4,4.1,2.1,10.1,1.5
apple,50.0,0.3,0.2,14.5,2.3
brown rice,110.3,2.7,0.9,23.7,1.7
grilled chicken,159.4,29.9,3.5,0.0,0.0
raita,62.1,3.0,3.6,4.6,0.0
samosa,263.7,5.1,14.2,32.1,2.2
turkish bread,267.6,8.7,3.6,53.4,2.1
paneer,265.7,19.0,20.5,1.2,0.0
dates,274.7,1.9,0.2,72.6,6.5
raita,59.8,3.1,3.4,4.6,0.0
boiled eggs,154.3,13.2,10.7,1.1,0.0
chicken karahi,202.1,19.6,13.0,3.0,0.5
honey,312.4,0.3,0.0,83.1,0.2
green tea,1.9,0.0,0.0,0.5,0.0
chana masala,170.5,9.1,2.7,26.5,7.3
chicken breast,172.2,31.6,3.5,0.0,0.0
dal makhani,184.6,8.7,7.9,19.8,4.8
paneer,269.6,18.3,21.0,1.3,0.0
oatmeal,153.2,6.0,3.2,26.3,4.0
broccoli,34.8,2.7,0.4,6.6,2.5
watermelon,30.0,0.6,0.2,7.8,0.4
paye,192.7,16.2,12.6,1.9,0.0
beef pulao,204.2,13.7,6.7,25.8,0.8
chicken karahi,210.0,19.6,12.4,3.1,0.5
mixed vegetables,57.4,2.5,0.5,10.4,3.4
pancakes,221.9,6.1,7.0,36.0,1.5
pizza slice,269.2,10.8,9.9,32.6,2.4
orange,47.3,0.9,0.1,11.8,2.5
chicken tikka,199.2,25.7,8.7,2.0,0.3
cottage cheese,96.3,10.7,4.5,3.5,0.0
grilled chicken,163.4,29.8,3.5,0.0,0.0
shami kebab,209.8,15.2,13.4,7.0,1.0
mutton biryani,219.0,16.5,9.6,26.9,0.8
soup,73.3,4.2,2.0,9.7,1.5
baklava,326.5,5.1,17.7,38.6,1.5
qorma,244.0,17.7,16.3,8.1,0.5
almonds,566.7,21.3,48.5,21.4,12.5
soup,77.5,4.1,2.0,10.0,1.4
mac and cheese,330.2,12.3,12.9,39.6,1.4
chapli kebab,284.1,17.4,19.4,5.2,0.5
daal,117.5,8.1,0.4,19.9,7.9
onion,41.4,1.1,0.1,9.0,1.7
samosa,249.6,5.2,14.5,30.3,2.1
bread,274.0,9.0,3.3,47.4,2.8
saag,60.0,3.7,3.1,6.1,2.6
saag,60.3,3.5,3.1,5.8,2.5
mac and cheese,313.8,12.0,12.6,38.1,1.5
shawarma,219.0,18.1,11.1,15.6,1.2
apple,53.2,0.3,0.2,14.5,2.4
bread,260.9,9.3,3.2,51.2,2.6
sandwich,254.5,12.4,9.1,34.5,2.0
roti,256.4,8.4,3.8,52.0,2.7
doner kebab,255.4,19.3,12.5,18.7,1.5
falafel,345.1,12.8,18.4,31.6,6.2
watermelon,30.2,0.6,0.2,7.6,0.4
raita,60.7,3.1,3.5,4.5,0.0
protein shake,163.8,29.4,3.1,8.0,1.0
paye,184.3,16.4,12.1,2.1,0.0
chana,167.5,8.5,2.7,28.1,7.6
white rice,129.6,2.7,0.3,29.3,0.4
pulao,184.1,5.8,5.0,28.8,0.8
dates,278.7,1.9,0.2,75.8,6.6
lassi,70.0,3.5,3.5,6.7,0.0
burger,309.0,16.5,14.3,23.2,1.5
chicken biryani,200.5,13.7,7.8,27.2,0.9
carrot,41.1,0.9,0.2,10.3,2.9
pizza slice,279.2,11.3,9.7,34.2,2.3
raita,60.0,3.0,3.6,4.5,0.0
sandwich,250.7,11.7,9.2,34.3,2.0
broccoli,34.7,2.9,0.4,6.5,2.5
turkish bread,264.5,9.4,3.7,54.0,2.0
protein shake,163.4,29.4,3.0,8.2,1.0
paye,192.7,16.5,11.6,2.0,0.0
naan,303.4,9.1,5.8,59.3,2.1
brown rice,115.2,2.6,0.9,22.3,1.8
carrot,40.3,0.9,0.2,10.0,2.9
roti,261.2,8.3,3.7,51.8,2.6
avocado toast,232.0,5.8,14.9,21.1,5.9
kofte,233.9,19.1,16.7,5.0,0.5
kidney beans,125.2,8.6,0.5,23.7,6.3
orange juice,106.7,1.7,0.5,25.9,0.5
butter chicken,232.7,22.7,13.7,6.2,0.5
samosa,267.3,4.9,13.8,29.5,2.3
brown rice,109.2,2.7,0.9,23.2,1.8
turkish bread,259.3,8.8,3.4,52.8,2.0
daal,121.0,8.0,0.4,19.2,8.3
falafel,327.5,13.0,18.0,32.5,5.9
sandwich,239.8,11.8,9.2,32.8,2.0
peanut butter toast,266.1,10.4,13.6,26.6,3.1
black tea,2.0,0.0,0.0,0.4,0.0
orange juice,107.9,1.8,0.5,26.2,0.5
kofte,235.5,18.3,16.4,4.9,0.5
doner kebab,242.0,20.0,11.9,18.9,1.5
sweet potato,88.2,1.6,0.1,19.8,3.1
seekh kebab,211.0,19.4,15.2,2.1,0.5
mutton,279.6,24.3,20.5,0.0,0.0
lassi,72.2,3.6,3.6,6.7,0.0
greek yogurt,99.4,16.7,0.7,6.0,0.0
watermelon,30.9,0.6,0.2,7.7,0.4
pasta,224.7,8.0,5.0,37.3,2.4
chai,39.4,1.5,2.1,4.4,0.0
steak,266.2,26.2,17.8,0.0,0.0
saag,57.9,3.6,2.9,5.9,2.4
french fries,316.6,3.3,14.5,42.4,3.8
almonds,556.0,20.3,50.4,21.7,12.8
carrot,40.3,0.9,0.2,10.0,2.9
chicken karahi,219.3,19.3,13.2,3.1,0.5
saag,59.5,3.6,3.1,6.3,2.5
chicken wings,302.2,27.3,18.1,0.0,0.0
peanuts,580.1,25.6,47.5,15.7,8.4
whole wheat bread,244.9,13.2,4.4,39.5,6.9
shawarma,224.4,17.8,11.4,15.8,1.1
grilled salmon,202.9,19.2,12.5,0.0,0.0
pancakes,232.2,5.9,7.2,34.3,1.5
shawarma,232.1,18.8,11.1,15.8,1.1
turkish bread,262.6,8.6,3.4,51.5,2.1
nihari,185.6,14.8,11.2,4.1,0.5
burger,285.6,17.6,14.6,24.9,1.5
roti,269.4,7.6,3.6,51.9,2.6
black tea,2.1,0.0,0.0,0.4,0.0
chicken wings,290.5,28.2,18.8,0.0,0.0
doner kebab,252.5,19.6,12.6,17.3,1.6
omelette,149.0,11.3,11.2,1.5,0.0
dal makhani,182.0,9.2,8.3,20.4,5.1
mutton,294.2,24.6,20.0,0.0,0.0
caesar salad,183.7,6.7,13.9,10.6,2.1
mango,62.0,0.8,0.4,14.8,1.6
naan,309.6,9.3,6.0,56.6,2.1
greek yogurt,97.3,17.4,0.7,6.0,0.0
egg,152.2,12.9,11.1,1.1,0.0
chapli kebab,291.1,17.1,20.6,4.9,0.5
boiled eggs,162.3,12.8,11.0,1.1,0.0
kofte,235.2,19.3,15.6,4.9,0.5
kheer,142.9,3.9,4.8,22.2,0.2
lassi,67.0,3.4,3.6,6.4,0.0
almonds,568.1,20.3,48.0,21.7,12.8
fish,136.2,19.4,5.9,0.0,0.0
caesar salad,192.8,6.8,14.5,11.3,1.9
jalebi,383.3,2.0,10.2,68.9,0.3
soup,71.3,3.9,2.0,9.9,1.5
sandwich,260.1,12.1,8.7,33.6,2.0
whole wheat bread,250.0,12.7,4.1,39.5,7.3
apple,50.8,0.3,0.2,14.2,2.4
watermelon,30.8,0.6,0.2,7.7,0.4
daal,113.9,8.4,0.4,20.0,8.3
pizza slice,276.8,10.9,10.2,32.9,2.2
lentils,114.8,8.8,0.4,20.5,7.9
chicken biryani,212.1,14.2,7.9,26.5,0.9
onion,39.9,1.1,0.1,9.6,1.7
palak paneer,221.2,12.1,14.7,7.8,2.9
mutton,297.3,24.0,21.5,0.0,0.0
brown rice,116.2,2.5,0.9,22.9,1.8
potato,80.4,2.0,0.1,16.5,2.2
paratha,335.6,7.3,13.3,41.7,2.1
chicken tikka,183.8,24.0,9.2,2.0,0.3
chickpeas,170.1,9.2,2.6,27.4,7.9
ayran,55.2,3.0,2.5,4.8,0.0
lentils,114.2,9.1,0.4,19.2,7.6
chai,40.7,1.6,1.9,4.5,0.0
qorma,246.1,18.3,15.8,8.3,0.5
chickpeas,166.4,8.9,2.7,27.1,7.4
halwa,334.8,3.1,14.6,50.4,1.0
kofte,235.4,18.5,15.7,5.0,0.5
dahi,59.3,3.5,3.2,4.5,0.0
almonds,578.6,21.0,49.6,22.2,11.9
whole wheat bread,245.5,13.0,4.4,40.9,7.2
steak,274.9,25.6,18.6,0.0,0.0
pancakes,232.3,6.0,7.2,34.3,1.4
beef pulao,218.0,13.5,7.3,26.9,0.8
daal,117.6,8.0,0.4,19.7,7.8
chicken biryani,216.5,14.6,8.2,26.9,0.9
paye,188.7,17.8,12.1,2.0,0.0
fish,140.3,20.6,5.9,0.0,0.0
beef pulao,207.3,13.9,7.0,26.8,0.8
turkish bread,270.5,8.6,3.5,52.7,2.1
spinach,22.1,2.9,0.4,3.5,2.3
carrot,39.6,0.9,0.2,9.7,2.8
pasta,222.1,8.0,4.9,38.0,2.5
turkish bread,268.5,9.2,3.6,49.5,1.9
paye,178.1,17.7,12.4,2.0,0.0
roti,272.1,8.2,3.7,55.5,2.7
oatmeal,151.1,5.7,3.1,27.9,3.8
paneer,255.2,18.3,20.3,1.2,0.0
mixed vegetables,52.9,2.4,0.5,10.3,3.3
chapli kebab,288.0,18.2,20.0,5.0,0.5
mac and cheese,311.8,12.2,13.4,39.5,1.5
kidney beans,131.3,8.6,0.5,23.6,6.2
protein shake,157.3,30.4,3.0,8.1,1.0
burger,282.9,17.5,13.6,23.3,1.6
butter chicken,234.3,21.4,14.2,6.0,0.5
beef tacos,214.9,11.8,11.2,20.8,3.0
jalebi,393.3,2.0,10.2,65.7,0.3
naan,329.8,9.3,5.8,56.6,2.0
turkish bread,282.2,8.8,3.6,52.8,2.0
peanut butter toast,283.0,10.4,14.1,26.3,2.9
pasta,230.4,8.3,4.9,38.6,2.5
sweet potato,86.4,1.6,0.1,20.6,3.0
lassi,72.3,3.6,3.3,6.4,0.0
saag,59.1,3.4,3.0,6.0,2.6
apple,52.0,0.3,0.2,14.4,2.3
onion,39.5,1.1,0.1,8.9,1.7
palak paneer,218.4,11.5,14.4,7.8,3.1
burger,303.5,16.6,14.1,23.5,1.6
paye,193.8,16.3,12.2,2.0,0.0
broccoli,35.2,2.7,0.4,6.5,2.6
paratha,333.7,7.4,14.6,44.3,2.2
qorma,251.9,18.1,16.8,8.1,0.5
apple,53.1,0.3,0.2,13.8,2.4
honey,306.0,0.3,0.0,84.7,0.2
pide,280.0,11.4,8.8,41.5,2.1
almonds,607.8,20.2,47.9,22.2,12.0
dal makhani,184.5,9.2,8.0,19.2,5.0
bread,256.6,8.9,3.1,50.7,2.8
caesar salad,189.6,6.9,14.6,10.7,2.0
ayran,56.1,3.1,2.4,4.8,0.0
caesar salad,184.6,7.2,13.6,10.6,1.9
biryani,206.6,8.8,6.7,26.7,0.8
milk,59.7,3.2,3.2,4.6,0.0
chicken biryani,216.8,14.5,8.2,26.1,0.9
roti,267.7,7.7,3.7,52.8,2.8
mutton biryani,229.3,15.4,9.7,27.9,0.8
dahi,57.1,3.4,3.2,4.8,0.0
cottage cheese,98.4,10.6,4.4,3.3,0.0
falafel,333.1,13.6,18.6,31.6,5.8
pide,281.6,10.6,9.1,40.2,2.1
sandwich,259.4,12.2,9.4,32.8,2.1
bread,272.8,8.7,3.3,49.0,2.6
soup,74.4,3.9,2.0,10.1,1.6
doner kebab,246.9,20.4,12.3,17.8,1.5
onion,40.7,1.1,0.1,9.2,1.7
shawarma,237.2,18.0,11.0,16.1,1.2
pasta,230.4,7.9,5.1,38.7,2.5
beef pulao,204.8,13.7,6.8,25.5,0.8
dal makhani,185.4,9.3,8.3,19.0,4.8
tomato,18.9,0.9,0.2,4.0,1.2
naan,314.4,9.1,6.0,59.5,1.9
kofte,236.6,19.5,16.5,5.2,0.5
tomato,18.6,0.9,0.2,4.1,1.2
whole wheat bread,248.1,12.8,4.2,41.5,6.9
white rice,132.1,2.6,0.3,27.6,0.4
apple,50.4,0.3,0.2,14.2,2.3
seekh kebab,229.7,18.4,15.6,1.9,0.5
pulao,184.2,6.1,4.8,27.6,0.8
chai,42.0,1.5,2.0,4.6,0.0
naan,328.5,9.0,5.7,59.8,2.1
halwa puri,369.4,5.7,18.6,50.0,1.5
white rice,124.6,2.7,0.3,29.0,0.4
black tea,2.0,0.0,0.0,0.4,0.0
orange,48.7,0.9,0.1,12.2,2.3
broccoli,33.8,2.7,0.4,6.9,2.7
nihari,186.7,14.3,10.5,4.1,0.5
beef tacos,224.2,11.5,11.1,19.2,3.1
jalebi,371.0,2.1,10.0,68.9,0.3
turkish bread,281.4,8.9,3.6,50.7,2.1
pancakes,222.1,5.8,7.3,36.6,1.6
avocado toast,248.4,5.8,15.7,22.2,6.3
mutton,300.6,24.5,21.1,0.0,0.0
paratha,311.3,7.3,14.5,42.8,2.2
falafel,317.9,12.4,17.2,32.8,5.8
carrot,39.2,0.9,0.2,10.0,2.8
honey,293.8,0.3,0.0,83.8,0.2
pide,280.2,10.5,8.9,41.2,2.1
butter chicken,241.3,21.7,13.7,6.1,0.5
roti,260.9,8.4,3.7,55.5,2.8
falafel,343.3,13.3,18.0,31.0,6.3
oatmeal,153.7,6.1,3.1,27.6,4.2
raita,62.7,3.1,3.6,4.5,0.0
oatmeal,161.1,6.3,3.2,26.5,4.0
chana masala,169.2,9.2,2.7,26.6,7.7
baklava,334.9,5.1,18.6,39.7,1.4
nihari,175.2,15.4,10.5,4.1,0.5
beef pulao,201.4,14.0,6.9,26.0,0.8
grilled salmon,215.6,20.4,13.1,0.0,0.0
apple,52.1,0.3,0.2,13.7,2.3
bread,261.5,9.1,3.2,51.2,2.6
mutton biryani,222.5,16.7,10.5,28.0,0.8
aloo paratha,322.0,7.3,13.6,44.6,2.3
baklava,346.7,5.2,17.4,41.1,1.5
palak paneer,224.0,12.2,14.3,7.8,3.1
apple,53.3,0.3,0.2,14.2,2.4
pasta,213.0,7.7,4.9,36.4,2.6
mixed vegetables,55.5,2.4,0.5,9.7,3.3
watermelon,29.5,0.6,0.2,7.5,0.4
cottage cheese,100.1,11.0,4.4,3.6,0.0
sandwich,262.3,12.4,9.0,31.9,1.9
mango,59.3,0.8,0.4,14.9,1.6
brown rice,107.4,2.6,0.9,22.5,1.9
seekh kebab,219.8,19.3,14.4,2.0,0.5
white rice,132.6,2.7,0.3,28.9,0.4
chana masala,162.1,8.7,2.7,26.6,7.8
pulao,178.0,5.7,5.1,28.2,0.8
french fries,312.6,3.3,14.9,41.7,3.8
ayran,52.8,3.1,2.6,5.1,0.0
mutton biryani,240.7,15.3,10.2,26.8,0.8
steak,261.8,26.6,17.4,0.0,0.0
carrot,41.3,0.9,0.2,10.1,2.7
mac and cheese,317.5,12.3,13.6,39.6,1.4
honey,302.6,0.3,0.0,86.0,0.2
caesar salad,191.8,7.0,14.0,10.9,2.0
green tea,1.9,0.0,0.0,0.5,0.0
shawarma,230.9,17.5,10.6,16.5,1.2
broccoli,32.8,2.8,0.4,6.8,2.6
apple,50.5,0.3,0.2,13.7,2.5
carrot,40.9,0.9,0.2,9.7,2.9
paratha,319.1,7.4,14.1,43.7,2.1
pasta,222.2,8.3,5.1,36.6,2.4
potato,79.0,2.0,0.1,16.4,2.1
sandwich,247.9,12.6,8.8,31.5,2.0
brown rice,117.1,2.6,0.9,24.3,1.8
biryani,198.5,9.2,6.9,28.6,0.8
steak,271.7,26.9,17.1,0.0,0.0
orange juice,114.4,1.7,0.5,25.3,0.5
chicken karahi,216.2,20.0,12.5,2.9,0.5
qorma,254.9,17.2,16.7,7.7,0.5
mixed vegetables,55.6,2.5,0.5,10.4,3.4
pide,290.4,11.5,8.8,43.5,1.9
halwa,334.5,3.0,13.5,48.0,1.0
protein shake,165.9,29.3,3.0,7.8,1.0
dahi,58.9,3.3,3.3,4.8,0.0
mac and cheese,310.0,12.5,12.6,39.2,1.5
falafel,318.0,12.9,17.7,32.4,5.8
grilled chicken,167.1,30.9,3.7,0.0,0.0
daal,117.7,8.3,0.4,19.1,7.6
saag,60.9,3.6,2.9,5.8,2.5
kheer,147.3,4.2,4.9,21.6,0.2
brown rice,107.2,2.5,0.9,24.2,1.9
onion,41.2,1.1,0.1,9.4,1.8
dahi,60.8,3.4,3.2,4.6,0.0
chicken karahi,219.9,20.3,12.9,3.1,0.5
dates,269.7,1.9,0.2,76.8,6.7
pulao,176.3,5.7,5.0,27.2,0.8
kofte,243.6,19.3,16.1,4.8,0.5
paratha,333.5,7.4,14.1,43.0,2.1
daal,111.3,8.4,0.4,20.2,8.3
peanut butter toast,260.2,9.6,13.9,25.7,2.9
nihari,186.5,14.8,10.8,4.1,0.5
spinach,24.1,2.8,0.4,3.8,2.1
palak paneer,230.8,11.6,15.2,8.1,3.0
cereal,153.6,2.9,1.9,29.8,2.5
lentil soup,131.9,7.6,2.4,19.2,4.8
pasta,222.0,8.1,5.1,39.2,2.5
doner kebab,237.5,19.1,12.0,18.6,1.6
palak paneer,216.8,12.0,14.9,8.3,3.1
greek yogurt,100.1,17.0,0.7,5.9,0.0
samosa,270.7,5.2,13.4,32.1,2.1
oatmeal,159.9,6.2,3.2,27.2,3.8
steak,259.3,27.2,17.7,0.0,0.0
halwa,331.5,3.0,13.8,48.9,1.0
bread,258.2,9.1,3.1,49.4,2.6
aloo paratha,332.4,7.3,13.3,47.0,2.4
aloo paratha,304.7,7.1,13.4,45.6,2.3
milk,59.2,3.3,3.3,5.0,0.0
kheer,143.7,3.9,4.9,22.7,0.2
onion,40.2,1.0,0.1,9.2,1.7
sandwich,256.1,11.6,9.4,33.5,2.1
bread,253.3,8.7,3.1,46.9,2.7
milk,59.6,3.1,3.3,4.7,0.0
orange,49.2,0.9,0.1,12.5,2.4
lentils,110.9,9.0,0.4,19.1,8.3
oatmeal,155.3,6.1,3.1,26.1,4.2
carrot,42.7,0.9,0.2,9.5,2.8
steak,270.6,25.1,17.6,0.0,0.0
green tea,2.0,0.0,0.0,0.5,0.0
pulao,177.2,6.2,4.9,27.1,0.8
greek yogurt,98.3,16.2,0.7,6.2,0.0
green tea,2.1,0.0,0.0,0.5,0.0
onion,40.0,1.1,0.1,9.1,1.6
fish,135.6,19.9,6.1,0.0,0.0
greek yogurt,95.1,17.5,0.7,5.9,0.0
shami kebab,219.1,15.9,14.0,7.0,1.0
chicken breast,157.6,29.9,3.7,0.0,0.0
roti,256.9,7.7,3.6,53.7,2.7
omelette,148.2,10.7,11.3,1.6,0.0
chapli kebab,282.8,17.1,19.5,5.2,0.5
bread,271.7,9.3,3.3,47.6,2.8
banana,93.4,1.1,0.3,22.6,2.7
daal,121.8,8.1,0.4,19.1,8.1
orange,44.7,0.9,0.1,12.4,2.4
cereal,155.9,3.0,2.0,30.4,2.5
aloo paratha,314.2,6.9,13.6,44.3,2.4
raita,60.6,3.1,3.4,4.6,0.0
kidney beans,121.8,8.8,0.5,21.9,6.1
omelette,160.5,10.8,10.5,1.6,0.0
french fries,305.5,3.4,15.0,42.0,3.6
lentil soup,131.7,7.6,2.6,20.9,4.8
jalebi,386.7,2.0,10.3,71.2,0.3
dahi,61.9,3.7,3.0,4.8,0.0
mac and cheese,329.9,12.4,12.6,40.8,1.5
black tea,2.0,0.0,0.0,0.4,0.0
lentil soup,125.7,7.6,2.4,19.1,4.8
orange juice,113.7,1.7,0.5,25.6,0.5
chapli kebab,268.9,18.0,20.3,5.2,0.5
chicken tikka,193.7,24.4,8.6,2.0,0.3
samosa,271.0,4.9,14.4,31.2,2.3
orange,47.1,0.9,0.1,11.9,2.5
turkish bread,277.0,8.7,3.5,52.8,2.0
grilled chicken,157.1,30.5,3.6,0.0,0.0
roti,256.6,8.0,3.5,51.4,2.7
egg,152.0,13.3,11.4,1.1,0.0
dates,274.8,1.8,0.2,77.8,6.8
samosa,249.4,5.2,14.5,31.2,2.2
halwa puri,397.9,6.0,18.7,49.6,1.5
butter chicken,244.1,20.9,14.4,6.0,0.5
onion,39.1,1.1,0.1,9.6,1.7
peanuts,574.7,26.9,51.3,15.6,8.1
biryani,191.7,9.2,7.0,28.7,0.8
daal,115.3,8.3,0.4,19.6,8.0
chicken breast,158.9,30.1,3.6,0.0,0.0
beef tacos,227.1,12.0,10.8,20.3,3.1
mac and cheese,335.1,12.5,13.3,41.6,1.5
spinach,23.9,2.8,0.4,3.8,2.1
white rice,131.2,2.6,0.3,26.9,0.4
oatmeal,155.8,6.2,3.3,26.3,3.9
greek yogurt,95.7,16.4,0.7,6.2,0.0
kofte,240.9,19.3,16.3,4.9,0.5
pancakes,228.2,6.1,7.0,34.5,1.5
baklava,331.6,4.9,17.5,40.7,1.5
apple,52.4,0.3,0.2,14.4,2.4
lentil soup,135.0,8.3,2.4,20.6,5.1
chicken karahi,212.4,19.5,13.5,2.9,0.5
chicken biryani,213.8,14.6,7.9,26.1,0.9
orange juice,113.7,1.7,0.5,24.7,0.5
shami kebab,201.5,16.5,13.3,6.7,1.0
mutton,306.7,24.0,20.6,0.0,0.0
honey,306.9,0.3,0.0,79.0,0.2
cereal,154.1,3.0,2.0,28.9,2.4
roti,260.6,7.8,3.6,55.3,2.7
paye,178.3,16.5,12.5,2.0,0.0
pulao,187.5,5.9,4.9,28.6,0.8
grilled chicken,171.6,30.3,3.7,0.0,0.0
potato,80.5,1.9,0.1,17.3,2.1
caesar salad,185.5,7.3,13.4,10.9,1.9
watermelon,31.0,0.6,0.2,7.4,0.4
aloo gosht,183.1,12.8,10.1,9.4,1.2
chicken breast,164.1,32.3,3.7,0.0,0.0
paye,176.3,17.3,11.6,1.9,0.0
orange juice,108.6,1.8,0.5,27.3,0.5
green tea,1.9,0.0,0.0,0.5,0.0
aloo gosht,182.2,12.8,9.9,9.2,1.2
oatmeal,155.9,5.7,3.2,27.5,3.8
biryani,206.4,9.4,6.7,26.7,0.8
soup,72.6,3.9,1.9,9.8,1.5
milk,61.5,3.1,3.4,4.8,0.0
caesar salad,184.1,6.8,13.5,10.8,2.1
kheer,144.6,3.9,5.0,21.0,0.2
mutton biryani,227.4,15.8,9.8,26.7,0.8
burger,303.6,16.7,14.0,24.6,1.5
boiled eggs,153.7,12.6,11.5,1.2,0.0
doner kebab,240.4,19.7,12.4,18.8,1.5
naan,324.3,9.2,6.3,54.7,2.0
onion,41.0,1.2,0.1,9.5,1.7
roti,267.7,7.6,3.6,51.5,2.8
mutton,293.5,25.0,20.3,0.0,0.0
egg,152.4,12.5,10.5,1.1,0.0
mac and cheese,330.6,12.4,12.5,41.1,1.5
baklava,330.0,5.0,17.8,38.8,1.5
doner kebab,251.5,20.7,12.4,17.5,1.4
shami kebab,218.5,16.4,13.4,6.8,1.0
dates,281.4,1.8,0.2,77.4,6.6
fish,135.4,19.1,6.0,0.0,0.0
banana,89.9,1.1,0.3,22.2,2.5
whole wheat bread,242.4,12.4,4.1,42.1,6.8
boiled eggs,148.2,13.3,10.5,1.1,0.0
soup,73.7,4.0,2.1,9.5,1.5
honey,302.5,0.3,0.0,85.4,0.2
mango,61.3,0.8,0.4,15.3,1.6
sweet potato,87.4,1.6,0.1,20.6,3.0
butter chicken,235.7,22.3,14.7,5.8,0.5
halwa puri,393.4,6.1,18.5,49.1,1.5
shawarma,222.8,18.6,10.5,16.1,1.2
french fries,305.9,3.5,15.6,39.0,3.7
egg,157.3,13.6,11.3,1.1,0.0
chana,156.5,9.2,2.5,26.9,7.5
lentil soup,130.3,7.8,2.4,20.4,5.0
mixed vegetables,56.9,2.6,0.5,10.3,3.4
grilled salmon,212.4,20.7,12.5,0.0,0.0
tomato,17.6,0.9,0.2,3.7,1.2
orange juice,111.9,1.7,0.5,26.7,0.5
whole wheat bread,237.3,12.9,4.3,41.7,7.3
chicken breast,170.4,30.9,3.7,0.0,0.0
bread,268.4,8.7,3.1,46.8,2.6
greek yogurt,97.0,16.4,0.7,6.1,0.0
chicken biryani,218.0,14.3,7.8,26.5,0.9
peanut butter toast,261.9,9.8,13.9,25.4,2.9
chana,158.7,9.2,2.7,28.2,7.3
butter chicken,231.5,22.3,14.1,6.1,0.5
grilled salmon,217.2,19.7,13.6,0.0,0.0
brown rice,116.8,2.6,0.9,23.3,1.7
bread,253.8,9.2,3.3,46.9,2.8
watermelon,29.0,0.6,0.2,7.8,0.4
pancakes,230.1,6.0,7.1,33.9,1.5
paye,190.6,17.5,12.6,2.1,0.0
watermelon,30.6,0.6,0.2,8.0,0.4
potato,75.3,2.0,0.1,17.5,2.3
chickpeas,167.8,9.1,2.5,26.6,7.9
french fries,309.4,3.5,14.6,42.3,3.7
honey,293.2,0.3,0.0,80.6,0.2
halwa puri,389.2,6.3,17.9,49.2,1.4
kofte,244.8,19.1,16.2,5.1,0.5
green tea,2.0,0.0,0.0,0.5,0.0
pancakes,222.8,6.3,7.0,36.5,1.5
orange juice,106.5,1.8,0.5,26.0,0.5
seekh kebab,227.5,18.3,14.8,2.0,0.5
mutton,297.2,24.5,21.1,0.0,0.0
chai,39.0,1.4,2.0,4.6,0.0
french fries,315.4,3.5,15.7,42.3,3.6
lentil soup,126.4,8.3,2.5,20.8,5.2
chicken biryani,205.9,14.7,8.2,26.7,0.9
orange,48.1,0.9,0.1,12.3,2.4
mutton,299.7,24.4,21.1,0.0,0.0
orange,45.9,0.9,0.1,11.6,2.4
dates,286.4,1.9,0.2,77.1,6.9
chapli kebab,293.1,18.3,19.8,4.9,0.5
ayran,54.0,2.9,2.6,4.9,0.0
qorma,248.4,18.2,16.6,7.7,0.5
steak,282.0,26.1,17.5,0.0,0.0
peanuts,579.3,25.5,50.3,16.1,8.3
shami kebab,205.6,15.7,13.5,6.8,1.0
honey,300.2,0.3,0.0,78.9,0.2
beef pulao,212.2,14.5,7.2,25.0,0.8
onion,38.7,1.1,0.1,9.1,1.8
chicken wings,276.2,26.6,18.9,0.0,0.0
potato,75.7,1.9,0.1,17.6,2.2
chana masala,157.5,9.3,2.6,27.3,7.5
soup,72.4,3.9,2.1,10.1,1.5
greek yogurt,101.6,16.3,0.7,6.2,0.0
white rice,134.0,2.7,0.3,28.0,0.4
peanut butter toast,258.6,9.8,14.1,26.0,3.1
paneer,270.2,18.6,20.0,1.3,0.0
tomato,18.1,0.9,0.2,3.7,1.2
boiled eggs,149.4,13.1,11.4,1.1,0.0
burger,298.8,16.7,13.4,23.2,1.5
omelette,160.7,10.9,10.7,1.5,0.0
dahi,58.1,3.6,3.1,4.5,0.0
omelette,160.7,11.0,11.1,1.7,0.0
banana,86.3,1.1,0.3,23.8,2.5
lassi,67.5,3.4,3.5,6.7,0.0
nihari,182.5,14.9,10.7,4.1,0.5
naan,319.7,9.0,6.2,55.0,2.1
soup,71.9,4.1,1.9,10.4,1.5
jalebi,379.6,1.9,9.8,67.7,0.3
bread,276.9,8.9,3.1,49.0,2.8
grilled salmon,209.6,19.1,13.1,0.0,0.0
shami kebab,219.5,15.6,13.9,7.2,1.0
egg,160.6,12.5,11.0,1.1,0.0
pancakes,229.6,5.9,7.1,33.3,1.5
onion,40.6,1.1,0.1,9.4,1.7
palak paneer,227.0,11.5,15.4,8.2,2.9
apple,52.8,0.3,0.2,14.4,2.4
dahi,62.4,3.5,3.2,4.9,0.0
sweet potato,82.0,1.7,0.1,19.6,3.1
baklava,344.1,5.0,18.6,39.4,1.6
chana masala,169.0,9.1,2.7,26.3,7.8
carrot,41.0,0.9,0.2,9.7,2.7
mango,57.6,0.8,0.4,15.6,1.6
egg,151.6,13.5,11.4,1.1,0.0
daal,118.0,8.3,0.4,20.4,7.7
grilled chicken,164.6,30.1,3.7,0.0,0.0
cereal,155.0,2.9,2.0,29.6,2.6
pizza slice,276.1,10.6,9.8,33.1,2.2
pasta,218.6,8.1,5.1,36.8,2.5
grilled salmon,200.2,19.6,13.3,0.0,0.0
lentils,118.7,9.1,0.4,19.7,8.1
cottage cheese,98.9,10.6,4.3,3.5,0.0
peanut butter toast,263.1,9.8,14.1,25.9,2.9
onion,38.3,1.1,0.1,9.3,1.6
watermelon,31.0,0.6,0.2,7.8,0.4
baklava,324.3,4.9,17.9,39.1,1.6
potato,73.6,1.9,0.1,16.9,2.1
potato,77.6,2.1,0.1,16.4,2.2
banana,84.9,1.1,0.3,22.4,2.6
spinach,22.7,2.8,0.4,3.7,2.1
jalebi,384.2,2.0,9.8,70.3,0.3
sweet potato,82.9,1.6,0.1,19.3,3.0
falafel,325.3,12.7,17.7,31.7,5.9
paneer,270.2,18.0,21.0,1.2,0.0
watermelon,28.6,0.6,0.2,7.2,0.4
beef tacos,224.1,11.9,10.5,19.9,3.0
chicken wings,284.9,28.1,18.1,0.0,0.0
brown rice,113.5,2.7,0.9,22.9,1.8
burger,301.6,16.4,13.5,24.6,1.6
onion,41.8,1.1,0.1,9.0,1.7
cottage cheese,97.1,10.7,4.1,3.5,0.0
pide,292.5,11.1,9.0,42.2,2.1
kofte,251.5,18.1,16.3,4.9,0.5
pancakes,216.5,5.7,7.3,33.6,1.5
chickpeas,157.6,8.7,2.7,26.7,7.8
cottage cheese,98.2,11.6,4.2,3.4,0.0
raita,59.8,3.1,3.6,4.4,0.0
dates,284.2,1.9,0.2,75.2,6.5
milk,61.5,3.3,3.3,4.6,0.0
black tea,2.0,0.0,0.0,0.4,0.0
watermelon,28.5,0.6,0.2,7.9,0.4
onion,38.3,1.1,0.1,8.9,1.7
carrot,42.4,0.9,0.2,9.5,2.7
kofte,251.5,18.9,15.6,5.0,0.5
broccoli,33.7,2.8,0.4,6.9,2.5
lentils,120.1,8.8,0.4,19.6,8.2
sandwich,260.9,12.3,9.0,32.8,2.0
chicken breast,168.7,31.8,3.7,0.0,0.0
grilled chicken,163.6,32.0,3.7,0.0,0.0
protein shake,162.6,28.7,2.9,8.0,1.0
bread,274.5,8.7,3.1,47.2,2.6
shami kebab,213.9,16.5,14.0,6.9,1.0
brown rice,110.7,2.7,0.9,23.5,1.8
halwa puri,395.2,5.7,18.6,46.3,1.4
dal makhani,186.7,9.0,8.3,20.6,4.8
chicken wings,294.9,26.9,18.4,0.0,0.0
apple,51.2,0.3,0.2,13.8,2.4
roti,265.2,7.8,3.7,54.6,2.6
paye,176.8,17.8,12.0,2.1,0.0
pide,288.8,11.5,9.4,43.4,2.1
omelette,157.9,10.9,10.7,1.7,0.0
nihari,182.9,15.5,11.1,4.2,0.5
omelette,160.2,11.2,10.7,1.6,0.0
nihari,183.2,14.5,10.9,3.9,0.5
beef pulao,206.1,14.6,7.3,26.2,0.8
egg,158.6,12.8,11.5,1.1,0.0
green tea,2.1,0.0,0.0,0.5,0.0
pizza slice,278.0,11.4,9.7,31.6,2.4
honey,317.3,0.3,0.0,86.3,0.2
mixed vegetables,53.5,2.5,0.5,9.8,3.5
halwa puri,392.3,6.0,18.6,49.2,1.5
chana,159.6,8.8,2.7,28.0,7.9
milk,59.7,3.2,3.2,5.0,0.0
white rice,134.7,2.7,0.3,27.0,0.4
french fries,297.9,3.2,15.6,40.4,3.7
banana,88.8,1.1,0.3,22.6,2.6
banana,90.1,1.1,0.3,23.3,2.5
biryani,198.2,9.0,6.9,27.2,0.8
grilled salmon,214.6,20.0,12.5,0.0,0.0
naan,331.9,9.4,6.2,55.1,2.0
mutton biryani,232.7,15.5,10.4,26.7,0.8
aloo paratha,326.8,6.9,12.5,48.2,2.3
chickpeas,166.1,9.3,2.5,28.7,7.5
white rice,126.4,2.8,0.3,27.4,0.4
tomato,18.6,0.9,0.2,3.9,1.2
mango,59.8,0.8,0.4,14.3,1.6
pulao,188.9,6.1,5.1,26.7,0.8
black tea,2.0,0.0,0.0,0.4,0.0
egg,155.5,12.5,10.9,1.1,0.0
pancakes,232.7,5.7,6.7,35.2,1.5
saag,57.8,3.4,2.9,5.9,2.4
black tea,2.0,0.0,0.0,0.4,0.0
protein shake,160.8,31.5,2.9,7.7,1.0
orange,49.0,0.9,0.1,11.9,2.4
naan,330.8,9.1,6.0,58.6,2.1
shami kebab,206.9,15.9,14.4,6.7,1.0
raita,58.5,2.9,3.6,4.7,0.0
roti,265.4,8.3,3.7,54.9,2.7
mutton biryani,232.6,15.8,10.5,26.9,0.8
halwa puri,364.8,6.1,18.1,50.3,1.5
boiled eggs,162.5,13.4,10.5,1.1,0.0
peanut butter toast,258.6,10.3,13.7,25.0,2.9
caesar salad,184.4,6.7,14.7,10.5,1.9
sandwich,249.9,11.7,9.2,34.6,2.0
almonds,586.6,20.6,48.5,21.4,12.3
cereal,155.2,3.0,2.0,29.5,2.4
almonds,589.8,20.3,51.7,21.0,13.0
cottage cheese,100.9,11.0,4.4,3.5,0.0
avocado toast,245.4,5.9,15.3,21.4,5.8
dal makhani,183.0,8.8,8.0,19.2,5.2
carrot,39.2,0.9,0.2,10.3,2.7
black tea,1.9,0.0,0.0,0.4,0.0
paye,176.0,17.6,12.6,1.9,0.0
chicken breast,166.5,30.9,3.6,0.0,0.0
biryani,209.1,8.9,7.2,28.1,0.8
protein shake,158.3,28.7,3.1,8.1,1.0
fish,141.3,20.8,6.1,0.0,0.0
tomato,18.1,0.9,0.2,3.7,1.2
chicken tikka,189.0,25.6,9.4,1.9,0.3
soup,74.0,4.0,2.0,10.0,1.5
halwa,308.1,3.1,13.6,49.0,1.0
pizza slice,262.8,10.9,9.7,34.5,2.4
pulao,183.1,6.0,5.2,29.0,0.8
mutton biryani,236.0,16.5,9.7,27.3,0.8
potato,75.7,1.9,0.1,16.7,2.3
jalebi,366.1,1.9,9.8,65.8,0.3
oatmeal,162.6,5.7,3.1,25.7,3.9
daal,121.5,8.0,0.4,19.2,7.7
seekh kebab,213.9,19.2,14.5,2.0,0.5
halwa puri,388.5,6.3,18.8,49.5,1.5
white rice,134.4,2.7,0.3,29.1,0.4
egg,150.3,12.6,11.3,1.1,0.0
saag,63.0,3.7,2.9,6.3,2.4
seekh kebab,213.5,18.4,15.3,2.0,0.5
chicken wings,281.7,27.2,19.9,0.0,0.0
potato,78.2,2.1,0.1,17.5,2.3
chicken biryani,209.8,13.6,7.9,27.2,0.9
dal makhani,176.4,8.9,7.7,21.0,5.1
watermelon,29.7,0.6,0.2,7.7,0.4
lentil soup,130.8,8.0,2.4,19.7,4.8
chicken breast,159.2,32.1,3.5,0.0,0.0
french fries,324.6,3.2,15.2,41.9,3.9
potato,73.2,2.1,0.1,17.0,2.3
carrot,39.4,0.9,0.2,10.4,2.9
bread,261.2,8.9,3.1,47.7,2.6
burger,308.9,17.6,14.4,24.8,1.5
fish,139.9,19.9,6.2,0.0,0.0
doner kebab,246.9,21.0,11.8,18.6,1.5
paratha,312.2,7.3,13.7,42.2,2.1
samosa,254.4,4.8,13.7,30.5,2.1
orange juice,112.1,1.6,0.5,24.8,0.5
banana,86.3,1.1,0.3,22.4,2.5
pide,281.1,11.3,9.1,41.8,1.9
hummus,179.5,8.3,9.5,15.9,6.1
steak,278.2,25.4,17.7,0.0,0.0
grilled salmon,208.9,20.9,13.5,0.0,0.0
chicken wings,288.4,26.4,18.4,0.0,0.0
dates,278.8,1.8,0.2,77.9,6.7
roti,272.1,8.2,3.6,51.2,2.8
aloo gosht,168.7,13.2,10.1,8.8,1.2
orange juice,109.0,1.8,0.5,26.6,0.5
dates,275.1,1.8,0.2,71.7,6.8
chicken tikka,188.7,24.9,8.7,1.9,0.3
steak,265.3,24.9,18.8,0.0,0.0
baklava,326.2,4.9,18.5,39.3,1.6
lassi,66.9,3.5,3.4,6.5,0.0
paneer,271.9,18.7,21.7,1.2,0.0
aloo gosht,178.0,13.6,10.1,9.3,1.2
kheer,156.0,4.0,4.8,22.9,0.2
shawarma,236.8,17.4,11.0,16.2,1.2
sandwich,254.6,11.6,8.7,33.2,2.0
oatmeal,164.9,6.1,3.3,25.8,4.2
pancakes,222.9,6.2,7.1,36.3,1.4
mutton biryani,226.4,16.7,10.4,26.6,0.8
beef tacos,215.7,12.5,11.5,19.9,3.1
aloo gosht,176.0,12.6,10.5,8.8,1.2
chana masala,163.3,9.3,2.5,27.8,7.4
onion,41.2,1.1,0.1,9.7,1.6
pancakes,219.2,6.0,7.3,34.1,1.5
white rice,124.1,2.7,0.3,28.8,0.4
naan,305.2,8.8,6.2,58.7,2.1
fish,133.6,19.4,5.9,0.0,0.0
potato,75.0,1.9,0.1,16.3,2.2
pasta,215.7,7.7,4.8,36.5,2.4
pizza slice,263.8,10.5,10.3,33.6,2.4
samosa,253.0,5.1,14.2,30.3,2.2
chai,41.6,1.6,2.0,4.7,0.0
halwa puri,363.3,6.0,17.8,48.9,1.5
doner kebab,240.9,20.1,12.3,17.3,1.5
chicken wings,297.9,27.2,18.6,0.0,0.0
jalebi,379.6,1.9,9.5,69.8,0.3
pide,291.9,10.7,8.8,43.0,2.0
lentils,110.6,9.4,0.4,20.5,8.0
chicken karahi,218.0,20.3,13.0,3.0,0.5
peanuts,566.5,26.7,47.4,16.6,8.7
bread,271.8,8.6,3.1,50.4,2.7
kheer,155.9,4.0,5.1,21.1,0.2
pizza slice,272.2,11.5,10.1,32.0,2.2
butter chicken,249.6,21.3,13.6,6.0,0.5
caesar salad,185.6,6.7,13.4,10.7,2.0
shami kebab,213.8,16.6,13.6,7.0,1.0
chana,163.4,9.0,2.6,27.7,7.4
carrot,41.3,0.9,0.2,10.4,2.9
dates,281.5,1.7,0.2,75.5,6.6
mutton biryani,220.1,15.6,10.0,27.2,0.8
whole wheat bread,247.3,12.7,4.1,40.5,7.2
kofte,243.5,18.1,16.0,5.1,0.5
spinach,22.3,3.0,0.4,3.6,2.1
bread,259.3,9.1,3.1,51.3,2.7
sweet potato,82.6,1.6,0.1,19.4,2.9
nihari,177.3,15.2,11.1,4.1,0.5
shawarma,221.3,17.3,10.7,15.5,1.2
paratha,327.3,7.7,14.3,43.7,2.1
carrot,39.1,0.9,0.2,10.3,2.8
sweet potato,85.0,1.6,0.1,20.5,3.1
chicken wings,275.7,26.5,18.2,0.0,0.0
chai,38.4,1.6,2.0,4.3,0.0
french fries,320.6,3.5,15.7,39.4,3.6
apple,53.8,0.3,0.2,14.3,2.3
paye,191.0,17.3,11.4,2.1,0.0
halwa puri,381.2,6.0,18.2,46.1,1.5
chicken breast,158.8,29.8,3.6,0.0,0.0
green tea,1.9,0.0,0.0,0.5,0.0
omelette,148.5,11.1,10.8,1.6,0.0
tomato,17.6,0.9,0.2,4.0,1.2
green tea,2.1,0.0,0.0,0.5,0.0
orange juice,115.3,1.7,0.5,26.1,0.5
baklava,345.2,4.9,17.9,41.0,1.5
chickpeas,165.2,9.0,2.7,28.3,7.2
kofte,240.2,18.3,15.7,4.9,0.5
shami kebab,207.7,16.7,14.2,6.7,1.0
green tea,1.9,0.0,0.0,0.5,0.0
chicken karahi,203.0,19.6,13.3,3.0,0.5
boiled eggs,160.3,12.4,11.3,1.1,0.0
lentil soup,131.4,7.7,2.4,19.5,5.2
lentils,118.1,8.6,0.4,20.3,8.3
tomato,17.9,0.9,0.2,3.8,1.2
whole wheat bread,251.9,13.0,4.0,42.6,7.1
shami kebab,208.1,15.2,13.5,7.3,1.0
pide,283.9,11.5,8.7,42.6,2.0
burger,295.6,17.6,14.6,25.0,1.5
chicken wings,300.8,26.0,18.8,0.0,0.0
caesar salad,186.6,7.2,13.6,10.7,2.0
greek yogurt,99.3,16.9,0.7,6.2,0.0
mango,62.1,0.8,0.4,14.8,1.7
halwa,320.3,3.1,13.7,45.9,1.0
chicken biryani,212.1,14.1,8.3,26.5,0.9
fish,129.3,21.0,5.9,0.0,0.0
palak paneer,215.7,12.5,15.1,7.8,3.0
chicken tikka,190.2,24.8,8.7,1.9,0.3
butter chicken,247.6,20.9,13.7,5.8,0.5
sandwich,249.4,11.8,8.7,32.2,1.9
pide,304.4,10.9,9.1,40.6,2.0
bread,277.5,8.6,3.1,49.0,2.8
pizza slice,259.6,11.2,9.9,34.6,2.4
mutton biryani,231.6,15.4,9.6,27.9,0.8
pulao,177.4,6.1,4.9,28.8,0.8
french fries,307.5,3.2,15.6,40.0,3.7
oatmeal,155.8,5.7,3.0,26.0,3.9
doner kebab,262.3,20.5,11.9,18.1,1.5
protein shake,157.7,29.2,2.9,8.1,1.0
pasta,226.7,7.8,5.1,36.6,2.5
grilled salmon,200.6,19.3,13.3,0.0,0.0
almonds,562.4,20.9,51.4,20.8,11.9
pancakes,230.9,5.9,6.8,36.1,1.5
orange juice,107.5,1.8,0.5,25.0,0.5
palak paneer,210.1,11.5,14.7,8.0,3.0
peanuts,554.9,25.9,50.5,15.5,8.8
omelette,153.4,11.1,10.5,1.6,0.0
apple,51.2,0.3,0.2,14.1,2.3
kheer,144.5,3.9,5.0,22.1,0.2
grilled chicken,164.4,31.2,3.6,0.0,0.0
beef pulao,215.7,13.7,7.1,25.6,0.8
chicken breast,170.4,29.6,3.8,0.0,0.0
daal,117.3,8.2,0.4,19.4,7.7
grilled salmon,218.2,19.6,13.0,0.0,0.0
mixed vegetables,54.3,2.5,0.5,10.4,3.4
spinach,23.3,3.0,0.4,3.5,2.1
mango,57.6,0.8,0.4,14.5,1.6
raita,59.3,3.0,3.3,4.3,0.0
ayran,54.4,3.0,2.6,5.0,0.0
hummus,183.7,8.0,10.1,16.2,6.3
caesar salad,194.1,6.9,13.4,11.3,2.1
banana,91.4,1.1,0.3,23.4,2.5
chana,167.6,8.6,2.5,27.8,7.4
cereal,143.7,2.9,2.1,29.2,2.5
kofte,240.0,18.8,15.7,5.1,0.5
french fries,317.9,3.4,15.3,41.8,4.0
beef tacos,236.3,11.8,11.1,19.8,2.9
halwa,316.3,3.1,13.7,46.3,1.0
turkish bread,264.5,9.3,3.4,51.7,2.1
aloo gosht,177.5,13.3,10.1,8.7,1.2
qorma,240.4,18.5,15.6,7.9,0.5
sweet potato,86.7,1.6,0.1,20.1,2.9
pancakes,224.5,6.0,6.9,36.4,1.5
chickpeas,166.8,8.6,2.5,28.8,7.8
fish,138.2,19.9,5.8,0.0,0.0
dates,263.2,1.8,0.2,76.2,7.0
fish,134.5,20.4,6.1,0.0,0.0
beef tacos,214.8,12.0,11.2,19.2,2.9
apple,52.0,0.3,0.2,13.8,2.4
beef tacos,216.1,12.3,11.2,20.5,2.9
oatmeal,155.4,5.9,3.1,26.3,3.9
daal,113.8,8.2,0.4,19.6,7.6
lentils,119.9,8.7,0.4,20.3,7.6
peanut butter toast,273.5,10.2,13.6,26.8,3.1
greek yogurt,96.9,17.5,0.7,5.8,0.0
cottage cheese,101.6,11.4,4.3,3.5,0.0
doner kebab,248.6,20.2,11.9,18.2,1.4
shami kebab,211.3,15.9,13.8,7.1,1.0
chicken wings,285.4,27.2,19.4,0.0,0.0
paratha,328.5,7.3,14.3,40.9,2.2
roti,270.9,8.0,3.8,53.2,2.6
carrot,42.7,0.9,0.2,9.5,2.7
almonds,566.2,20.8,50.3,22.3,12.5
shami kebab,203.4,16.4,13.4,6.8,1.0
pide,302.9,11.0,8.8,44.0,2.0
jalebi,397.5,1.9,10.4,65.6,0.3
burger,297.6,17.0,13.8,25.1,1.5
chana,163.4,8.7,2.7,26.5,7.6
chai,40.2,1.5,1.9,4.6,0.0
chicken tikka,192.8,26.2,9.2,2.0,0.3
beef tacos,235.7,12.3,11.0,19.3,2.9
potato,80.7,2.0,0.1,17.6,2.3
oatmeal,155.5,6.3,3.3,26.9,3.9
pulao,177.9,5.7,4.8,27.6,0.8
jalebi,378.3,1.9,10.0,67.8,0.3
dates,267.4,1.8,0.2,76.8,6.4
grilled chicken,157.2,29.6,3.7,0.0,0.0
chicken wings,277.4,27.9,19.0,0.0,0.0
paratha,337.7,7.3,14.4,42.8,2.1
chicken wings,278.9,25.9,19.4,0.0,0.0
caesar salad,189.1,7.2,14.7,10.6,2.0
black tea,2.0,0.0,0.0,0.4,0.0
pulao,171.7,6.2,4.9,28.1,0.8
halwa,326.1,3.1,14.2,47.0,1.0
paratha,317.7,7.6,13.3,44.1,2.2
hummus,183.0,8.0,10.5,15.9,5.9
halwa,311.0,3.0,13.6,46.9,1.0
white rice,124.2,2.6,0.3,29.3,0.4
boiled eggs,159.1,13.6,11.0,1.1,0.0
cottage cheese,93.2,10.9,4.5,3.5,0.0
peanut butter toast,271.9,10.0,13.8,26.3,3.0
kidney beans,130.0,8.5,0.5,22.2,6.7
mac and cheese,319.0,11.4,12.5,40.6,1.5
dal makhani,178.5,8.7,8.3,19.4,4.9
spinach,22.2,2.9,0.4,3.8,2.1
pasta,218.3,7.7,5.1,38.3,2.4
paneer,267.2,17.9,19.8,1.2,0.0
oatmeal,151.3,5.8,3.1,26.5,4.1
almonds,576.2,20.9,49.5,20.7,13.0
chicken breast,165.4,32.2,3.7,0.0,0.0
daal,121.2,8.3,0.4,19.9,7.8
hummus,174.3,8.2,10.5,16.1,6.1
ayran,53.1,3.1,2.6,5.0,0.0
dal makhani,183.0,9.4,7.9,20.4,5.2
white rice,130.1,2.7,0.3,28.5,0.4
spinach,22.9,3.0,0.4,3.5,2.1
potato,78.0,2.1,0.1,16.4,2.2
chicken wings,294.0,25.8,18.2,0.0,0.0
watermelon,30.2,0.6,0.2,7.3,0.4
saag,58.3,3.3,2.9,5.9,2.5
paratha,339.0,7.3,13.6,41.3,2.2
aloo gosht,166.8,13.6,9.6,8.6,1.2
dates,286.1,1.8,0.2,76.8,6.8
chicken karahi,212.2,20.0,12.8,3.0,0.5
protein shake,152.4,30.9,3.1,7.7,1.0
french fries,313.4,3.5,15.2,41.8,3.9
green tea,1.9,0.0,0.0,0.5,0.0
pizza slice,257.5,10.6,10.0,32.3,2.4
seekh kebab,227.6,18.6,14.7,2.1,0.5
dal makhani,186.6,8.7,8.3,19.6,5.2
halwa,312.6,3.1,14.7,48.9,1.0
raita,58.4,3.1,3.3,4.5,0.0
peanut butter toast,272.7,9.8,13.6,27.1,3.1
brown rice,111.3,2.5,0.9,22.5,1.7
boiled eggs,153.6,12.4,11.5,1.1,0.0
banana,86.2,1.1,0.3,22.5,2.7
apple,53.6,0.3,0.2,14.6,2.5
aloo paratha,311.2,7.1,12.6,43.8,2.2
shawarma,233.6,18.6,11.1,15.9,1.2
beef pulao,210.5,14.3,7.1,25.0,0.8
burger,305.6,16.3,14.1,24.9,1.6
grilled salmon,214.4,21.0,13.1,0.0,0.0
mutton,300.6,25.3,20.0,0.0,0.0
greek yogurt,104.7,17.7,0.7,5.7,0.0
greek yogurt,104.3,16.3,0.7,5.7,0.0
mixed vegetables,57.3,2.4,0.5,9.6,3.4
grilled chicken,170.0,30.8,3.6,0.0,0.0
spinach,21.9,3.0,0.4,3.6,2.2
avocado toast,246.8,5.7,15.7,21.8,5.8
carrot,40.1,0.9,0.2,10.0,2.8
shami kebab,214.2,16.0,14.6,6.9,1.0
oatmeal,156.7,6.0,3.0,26.2,3.8
chicken karahi,217.9,20.6,13.2,2.9,0.5
chicken wings,286.4,26.7,19.0,0.0,0.0
chickpeas,164.4,8.7,2.7,28.2,7.4
pancakes,219.7,6.0,6.8,34.6,1.5
nihari,186.0,15.7,10.7,4.0,0.5
chickpeas,164.8,8.5,2.5,27.9,7.4
falafel,330.3,13.6,18.0,30.5,6.1
sweet potato,83.7,1.6,0.1,20.0,3.1
cereal,144.3,2.9,2.0,31.2,2.4
chai,41.5,1.5,2.1,4.4,0.0
greek yogurt,102.6,17.4,0.7,6.2,0.0
qorma,240.8,18.8,15.4,7.9,0.5
orange,45.4,0.9,0.1,11.8,2.4
paneer,263.9,17.5,21.2,1.2,0.0
paye,177.4,16.5,11.7,2.0,0.0
egg,156.2,12.6,10.7,1.1,0.0
pasta,218.6,7.9,4.8,37.4,2.5
chapli kebab,277.5,17.8,20.0,5.1,0.5
halwa,306.7,3.0,14.1,48.5,1.0
shami kebab,203.7,16.0,13.3,7.2,1.0
ayran,57.7,2.9,2.6,5.0,0.0
paratha,337.9,7.9,14.4,44.6,2.0
biryani,197.6,8.6,6.9,28.7,0.8
chana,170.6,9.1,2.5,25.7,7.5
protein shake,157.2,29.9,2.9,8.0,1.0
cereal,142.7,2.9,2.0,30.2,2.6
dahi,59.2,3.4,3.3,4.7,0.0
chicken tikka,184.3,25.3,8.9,2.0,0.3
mango,57.6,0.8,0.4,15.1,1.6
pulao,172.6,6.1,5.1,27.7,0.8
fish,139.5,19.9,5.8,0.0,0.0
jalebi,387.8,1.9,10.3,70.1,0.3
beef pulao,216.1,13.6,6.9,26.2,0.8
chickpeas,167.1,8.9,2.6,26.0,7.4
potato,75.3,2.0,0.1,16.6,2.2
french fries,299.7,3.4,15.6,42.7,3.7
mutton biryani,225.0,16.2,9.9,27.7,0.8
beef tacos,231.8,12.1,10.8,19.5,3.0
chapli kebab,266.8,17.4,20.7,5.2,0.5
peanut butter toast,259.9,9.7,13.4,25.6,3.0
fish,134.6,19.6,5.9,0.0,0.0
chana,158.3,9.3,2.7,27.1,7.9
egg,156.8,13.3,11.1,1.1,0.0
dal makhani,174.3,9.4,8.4,20.9,5.0
burger,300.1,16.4,14.3,23.3,1.6
hummus,178.9,8.3,9.7,16.7,5.9
dahi,62.5,3.6,3.1,4.9,0.0
potato,74.8,2.0,0.1,17.7,2.1
orange,44.7,0.9,0.1,11.5,2.3
green tea,2.1,0.0,0.0,0.5,0.0
chana masala,171.9,9.3,2.6,26.4,8.0
pancakes,236.1,6.3,7.0,36.0,1.4
watermelon,30.2,0.6,0.2,7.7,0.4
white rice,126.2,2.6,0.3,26.7,0.4
greek yogurt,98.8,16.8,0.7,6.3,0.0
beef tacos,230.0,12.4,10.8,19.6,3.1
green tea,2.0,0.0,0.0,0.5,0.0
honey,307.1,0.3,0.0,86.5,0.2
peanuts,553.9,25.1,48.3,16.4,8.4
turkish bread,273.0,9.3,3.4,54.4,2.1
qorma,261.8,17.2,15.6,8.1,0.5
chicken breast,160.9,31.6,3.7,0.0,0.0
mango,57.7,0.8,0.4,15.5,1.6
avocado toast,230.9,5.8,14.8,21.3,5.9
greek yogurt,98.8,16.5,0.7,6.1,0.0
whole wheat bread,245.3,12.4,4.1,41.2,6.9
dal makhani,173.2,9.2,7.8,20.5,4.8
lentils,111.3,9.1,0.4,20.5,8.1
raita,62.0,3.0,3.6,4.6,0.0
whole wheat bread,255.1,12.5,4.1,41.4,7.0
chicken karahi,202.0,21.0,12.9,3.1,0.5
carrot,42.6,0.9,0.2,10.1,2.8
chickpeas,166.1,8.5,2.5,28.0,7.3
greek yogurt,95.5,17.2,0.7,6.0,0.0
chai,38.1,1.4,2.1,4.4,0.0
butter chicken,233.7,22.7,14.0,6.0,0.5
banana,84.6,1.1,0.3,22.6,2.6
shawarma,240.3,18.0,11.3,16.3,1.2
pizza slice,271.5,11.3,9.8,31.7,2.2
chicken karahi,210.1,20.5,12.7,3.1,0.5
lentil soup,131.7,8.0,2.6,19.4,4.9
chana,156.8,9.1,2.6,25.9,7.6
doner kebab,259.3,20.9,12.3,18.2,1.5
brown rice,113.3,2.7,0.9,22.4,1.8
oatmeal,150.3,5.9,3.3,28.0,4.0
lassi,73.0,3.6,3.6,6.7,0.0
apple,51.8,0.3,0.2,13.5,2.3
paye,184.4,16.8,12.0,2.1,0.0
doner kebab,248.9,19.3,11.6,18.4,1.5
kofte,255.0,19.0,15.6,5.1,0.5
roti,263.6,7.7,3.8,54.4,2.6
baklava,331.2,4.8,17.4,41.7,1.6
boiled eggs,148.8,12.9,11.2,1.1,0.0
caesar salad,191.7,7.0,14.5,11.3,2.0
soup,73.2,3.9,2.0,10.4,1.5
dahi,60.3,3.5,3.3,4.9,0.0
sandwich,262.2,11.7,9.0,32.6,1.9
mango,62.2,0.8,0.4,15.4,1.5
chana masala,164.5,8.8,2.7,25.9,7.9
tomato,17.5,0.9,0.2,4.1,1.2
aloo gosht,169.9,13.3,9.8,8.9,1.3
nihari,179.2,14.7,10.7,4.1,0.5
chicken biryani,218.9,13.3,7.8,26.8,0.9
saag,62.7,3.6,3.1,6.1,2.5
lassi,70.2,3.6,3.5,6.4,0.0
potato,73.4,2.0,0.1,17.5,2.3
chickpeas,160.2,8.8,2.5,26.3,7.9
ayran,54.2,3.0,2.5,5.1,0.0
chicken biryani,201.2,13.3,7.7,26.2,0.9
brown rice,114.3,2.7,0.9,23.9,1.8
lentils,119.4,9.1,0.4,19.4,7.9
tomato,17.7,0.9,0.2,3.8,1.2
chicken breast,163.0,30.4,3.6,0.0,0.0
samosa,271.6,5.1,14.7,31.3,2.2
roti,277.1,8.1,3.7,53.1,2.6
spinach,22.9,3.0,0.4,3.7,2.2
broccoli,33.0,2.8,0.4,6.8,2.6
almonds,557.5,21.4,52.0,21.0,12.3
aloo paratha,335.6,6.8,13.0,44.3,2.4
biryani,203.8,8.8,7.1,27.9,0.8
white rice,134.3,2.7,0.3,28.9,0.4
pizza slice,278.4,11.1,10.2,31.5,2.2
turkish bread,260.9,8.8,3.5,51.9,2.0
palak paneer,213.3,12.6,15.2,7.7,2.9
kidney beans,123.6,9.0,0.5,22.6,6.7
halwa,330.1,3.1,13.9,46.2,1.0
beef tacos,219.3,11.6,11.3,20.0,2.9
mac and cheese,310.4,12.6,13.3,38.5,1.5
fish,140.3,20.4,6.1,0.0,0.0
mutton biryani,233.3,15.8,9.7,26.4,0.8
beef pulao,217.9,14.2,6.8,26.8,0.8
peanuts,576.8,26.6,49.2,15.8,8.3
halwa puri,365.4,6.3,17.4,50.2,1.6
cereal,147.0,3.0,2.0,31.2,2.5
cottage cheese,99.0,11.4,4.4,3.4,0.0
beef pulao,215.9,13.3,7.1,27.1,0.8
pide,287.1,10.6,8.8,40.2,2.0
paneer,264.5,18.3,19.9,1.2,0.0
halwa puri,395.6,5.7,17.2,48.5,1.4
naan,323.9,8.7,6.1,55.7,2.0
white rice,129.7,2.7,0.3,28.8,0.4
daal,115.4,8.1,0.4,19.5,8.1
grilled chicken,169.7,32.1,3.6,0.0,0.0
chapli kebab,293.7,18.3,20.7,4.9,0.5
aloo paratha,335.6,6.8,12.9,46.2,2.3
lassi,70.0,3.4,3.7,6.4,0.0
brown rice,110.4,2.6,0.9,23.5,1.8
chapli kebab,280.1,18.2,19.2,4.8,0.5
chicken breast,164.3,30.2,3.6,0.0,0.0
pasta,215.5,8.1,5.0,38.6,2.5
grilled salmon,214.0,19.5,13.3,0.0,0.0
chicken breast,159.7,31.3,3.7,0.0,0.0
mango,61.6,0.8,0.4,15.2,1.5
beef tacos,222.7,12.3,10.8,20.4,3.1
mixed vegetables,56.9,2.4,0.5,9.8,3.4
apple,52.4,0.3,0.2,13.7,2.5
baklava,324.6,4.9,17.3,41.6,1.5
avocado toast,244.7,6.1,15.7,22.4,5.9
beef tacos,221.0,12.6,10.8,20.7,3.0
aloo gosht,174.3,12.7,9.7,9.2,1.2
seekh kebab,212.7,18.8,15.3,2.0,0.5
chicken karahi,216.1,19.1,13.1,3.0,0.5
aloo gosht,174.6,12.6,10.0,9.4,1.2
samosa,251.9,5.0,14.6,30.5,2.3
saag,60.0,3.5,2.9,5.9,2.5
lentil soup,136.1,7.7,2.5,20.5,5.2
chicken karahi,205.1,19.5,12.5,2.9,0.5
banana,84.6,1.1,0.3,22.9,2.5
french fries,321.2,3.4,14.3,39.5,3.6
caesar salad,187.4,7.3,14.5,11.0,2.1
grilled salmon,214.4,20.2,12.9,0.0,0.0
roti,253.7,8.1,3.8,52.6,2.6
palak paneer,220.7,12.2,15.7,7.8,3.1
caesar salad,186.6,7.1,13.9,10.6,1.9
jalebi,380.0,2.0,9.5,65.3,0.3
qorma,252.8,17.4,16.7,7.9,0.5
baklava,335.3,5.2,17.7,39.3,1.5
bread,269.7,9.4,3.2,49.9,2.6
qorma,249.1,17.3,15.5,7.6,0.5
burger,300.5,17.6,14.4,23.3,1.5
peanuts,568.7,25.6,49.5,15.7,8.2
sweet potato,84.6,1.6,0.1,19.4,3.1
shami kebab,211.5,16.8,14.4,7.2,1.0
mac and cheese,332.8,11.6,13.3,38.5,1.4
omelette,154.6,10.9,11.5,1.6,0.0
qorma,258.8,18.5,16.2,8.2,0.5
milk,58.9,3.1,3.2,4.7,0.0
avocado toast,238.6,6.0,15.4,22.6,6.2
saag,57.7,3.6,2.9,6.1,2.4
beef pulao,219.4,13.8,6.9,27.1,0.8
pide,275.9,11.5,8.9,41.2,1.9
chicken wings,276.8,27.5,18.5,0.0,0.0
boiled eggs,148.8,13.0,10.5,1.1,0.0
white rice,129.8,2.7,0.3,28.0,0.4
watermelon,28.6,0.6,0.2,7.3,0.4
brown rice,111.6,2.6,0.9,22.6,1.7
doner kebab,255.8,20.6,12.2,17.2,1.6
chana,156.5,8.5,2.7,27.0,7.7
greek yogurt,99.7,17.0,0.7,5.8,0.0
mutton,296.8,25.7,20.3,0.0,0.0
sweet potato,88.9,1.6,0.1,19.2,2.9
palak paneer,218.8,11.9,14.6,7.9,2.9
biryani,207.0,8.7,6.8,28.8,0.8
white rice,130.0,2.6,0.3,26.8,0.4
apple,53.9,0.3,0.2,13.4,2.4
pizza slice,256.2,10.8,10.2,33.6,2.3
grilled chicken,169.4,30.8,3.6,0.0,0.0
broccoli,33.1,2.8,0.4,6.4,2.6
peanuts,581.1,26.1,50.3,16.9,8.3
cottage cheese,98.0,11.1,4.3,3.3,0.0
chicken tikka,193.2,26.1,8.6,1.9,0.3
peanut butter toast,260.2,9.9,14.6,27.3,3.0
greek yogurt,104.4,16.7,0.7,6.2,0.0
cottage cheese,101.2,11.5,4.3,3.5,0.0
burger,304.6,17.3,14.0,23.6,1.5
chicken biryani,203.2,13.5,8.3,24.8,0.9
naan,301.3,9.2,6.1,55.6,2.0
pulao,182.4,5.8,5.1,26.6,0.8
mac and cheese,306.6,12.3,12.7,41.3,1.5
soup,75.7,3.9,1.9,10.2,1.5
sweet potato,84.3,1.5,0.1,19.7,3.1
pide,284.7,11.1,8.7,40.4,1.9
hummus,181.0,8.4,10.2,15.6,6.1
whole wheat bread,256.1,12.5,4.3,39.6,7.1
chicken tikka,190.0,25.5,9.2,2.0,0.3
watermelon,28.7,0.6,0.2,7.2,0.4
potato,78.5,1.9,0.1,17.0,2.2
protein shake,154.9,30.2,3.0,8.4,1.0
ayran,53.6,3.0,2.6,5.1,0.0
tomato,18.8,0.9,0.2,3.8,1.2
halwa puri,386.5,6.1,18.6,50.1,1.4
mixed vegetables,53.3,2.5,0.5,9.7,3.5
fish,130.8,19.3,5.9,0.0,0.0
bread,277.8,8.7,3.1,47.2,2.8
chana,171.6,8.7,2.5,26.5,7.8
bread,262.4,9.0,3.2,48.5,2.7
mutton biryani,222.0,16.1,9.9,26.0,0.8
steak,262.0,26.9,18.0,0.0,0.0
butter chicken,247.7,22.7,13.9,5.8,0.5
peanut butter toast,266.2,9.9,14.1,24.9,2.9
almonds,563.1,22.0,51.7,22.1,13.1
samosa,268.4,4.9,13.9,30.5,2.2
paneer,252.4,18.6,20.8,1.3,0.0
pasta,214.6,7.7,5.0,36.5,2.5
lentils,111.1,9.1,0.4,19.6,7.5
raita,60.4,3.0,3.6,4.4,0.0
halwa,316.3,3.1,13.4,47.1,1.0
turkish bread,282.8,9.2,3.5,52.4,2.1
mac and cheese,312.1,11.8,12.8,40.7,1.5
burger,281.2,17.6,14.5,25.1,1.5
falafel,345.9,12.5,18.4,30.8,6.1
butter chicken,248.3,21.0,13.6,6.1,0.5
aloo paratha,309.8,6.8,12.8,47.7,2.4
orange,45.7,0.9,0.1,11.9,2.4
lassi,71.5,3.5,3.4,6.3,0.0
chicken tikka,194.6,24.5,8.6,2.0,0.3
chicken karahi,217.2,20.1,13.4,2.9,0.5
sandwich,259.0,12.2,9.2,31.9,1.9
chai,38.7,1.5,2.0,4.6,0.0
kheer,152.4,3.9,5.1,21.0,0.2
omelette,157.7,11.1,10.8,1.6,0.0
sweet potato,88.5,1.7,0.1,19.2,3.0
avocado toast,236.0,6.1,15.1,21.7,6.1
chicken tikka,184.4,24.4,9.2,2.1,0.3
green tea,2.0,0.0,0.0,0.5,0.0
beef tacos,225.1,11.5,10.5,20.7,3.0
samosa,269.9,5.1,14.5,32.3,2.1
chickpeas,170.0,8.7,2.6,27.8,7.7
chana,164.5,8.7,2.6,25.8,8.0
halwa,308.0,3.1,13.9,45.6,1.0
kheer,147.5,4.1,5.2,23.0,0.2
chana masala,170.1,9.0,2.7,28.3,7.5
burger,291.7,17.7,13.9,25.1,1.5
butter chicken,231.7,22.8,14.0,5.9,0.5
french fries,301.4,3.2,15.4,41.4,3.7
pasta,215.5,7.6,4.8,36.3,2.4
beef pulao,210.2,13.8,7.3,26.5,0.8
ayran,55.2,3.0,2.6,5.0,0.0
avocado toast,243.2,6.2,14.7,22.8,6.0
cereal,156.3,3.1,2.1,31.3,2.5
burger,297.5,16.8,14.3,23.4,1.5
peanuts,543.7,24.9,48.9,16.0,8.6
doner kebab,243.0,19.5,12.0,18.7,1.4
mutton,306.9,25.4,20.2,0.0,0.0
falafel,324.8,13.5,18.6,33.3,6.3
spinach,22.1,2.8,0.4,3.5,2.2
protein shake,165.7,29.7,2.9,7.7,1.0
black tea,2.0,0.0,0.0,0.4,0.0
black tea,1.9,0.0,0.0,0.4,0.0
black tea,1.9,0.0,0.0,0.4,0.0
apple,53.6,0.3,0.2,14.5,2.3
almonds,593.3,21.9,50.6,22.2,12.3
dal makhani,178.3,8.9,8.4,20.4,5.0
hummus,174.8,7.7,10.4,15.6,6.0
spinach,22.1,3.0,0.4,3.6,2.2
butter chicken,240.3,21.1,14.4,6.1,0.5
mutton biryani,227.7,16.5,9.7,26.8,0.8
spinach,23.5,2.8,0.4,3.4,2.2
saag,57.6,3.3,3.0,6.1,2.4
seekh kebab,225.4,18.5,15.7,1.9,0.5
palak paneer,217.6,11.6,14.8,7.6,3.0
doner kebab,256.3,20.2,12.4,18.6,1.5
palak paneer,230.8,12.2,14.8,7.6,3.1
mixed vegetables,56.1,2.5,0.5,9.9,3.4
cottage cheese,94.8,11.3,4.2,3.2,0.0
halwa,331.5,2.9,13.4,49.2,1.0
steak,273.8,25.1,18.4,0.0,0.0
lassi,68.2,3.5,3.4,6.7,0.0
beef tacos,216.3,12.3,11.1,20.7,3.1
orange juice,109.6,1.6,0.5,25.0,0.5
lassi,67.5,3.4,3.7,6.6,0.0
shawarma,240.9,17.4,10.5,16.8,1.2
falafel,329.5,13.3,18.7,30.9,5.8
sweet potato,81.7,1.6,0.1,20.9,3.0
potato,73.3,2.0,0.1,16.5,2.1
turkish bread,260.2,9.4,3.3,50.7,2.0
white rice,131.0,2.6,0.3,26.7,0.4
daal,115.9,8.3,0.4,19.9,7.9
pizza slice,273.5,10.8,10.0,31.8,2.4
lentil soup,133.1,7.9,2.6,19.4,5.0
shami kebab,209.5,16.1,13.4,7.2,1.0
butter chicken,243.1,22.3,13.9,5.9,0.5
lentils,119.5,9.3,0.4,19.2,7.6
seekh kebab,211.8,19.4,15.7,2.1,0.5
whole wheat bread,238.7,12.8,4.3,42.7,6.7
black tea,2.1,0.0,0.0,0.4,0.0
potato,79.7,2.0,0.1,17.2,2.3
oatmeal,161.5,6.0,3.1,27.8,3.8
pulao,183.9,5.8,4.8,26.9,0.8
paratha,329.7,7.7,14.0,44.4,2.1
paneer,264.4,18.9,20.9,1.2,0.0
mutton biryani,240.2,15.9,9.9,27.6,0.8
saag,61.5,3.5,2.9,5.9,2.4
pancakes,223.8,6.0,6.7,33.6,1.6
pizza slice,273.0,10.7,9.8,34.3,2.3
fish,137.3,19.9,6.0,0.0,0.0
nihari,177.9,15.0,10.7,4.0,0.5
peanuts,573.8,25.3,47.6,16.2,8.6
egg,161.7,13.6,11.0,1.1,0.0
grilled salmon,212.5,20.3,13.3,0.0,0.0
soup,76.9,4.1,2.0,10.2,1.5
shawarma,235.4,18.9,11.2,15.5,1.2
sandwich,248.1,12.6,8.6,32.2,2.0
banana,88.2,1.1,0.3,22.2,2.7
orange,49.2,0.9,0.1,12.2,2.5
kheer,143.8,4.0,5.1,22.5,0.2
shawarma,224.3,17.9,11.2,16.1,1.1
sweet potato,86.8,1.5,0.1,19.9,3.0
pulao,181.6,5.8,5.2,27.4,0.8
oatmeal,151.0,5.9,3.3,28.2,4.1
sweet potato,84.4,1.6,0.1,19.1,3.1
kheer,156.3,4.1,5.0,22.6,0.2
banana,86.2,1.0,0.3,23.1,2.5
chai,40.3,1.5,2.0,4.7,0.0
bread,264.8,8.6,3.2,49.8,2.6
orange juice,107.4,1.6,0.5,26.7,0.5
peanuts,570.3,26.1,50.6,15.3,8.6
paratha,338.9,7.7,14.0,42.0,2.0
lentil soup,126.7,8.3,2.5,19.0,4.9
chai,40.2,1.5,2.0,4.3,0.0
mango,57.3,0.8,0.4,15.3,1.6
chicken wings,276.6,25.7,19.7,0.0,0.0
seekh kebab,230.7,18.9,15.7,2.0,0.5
palak paneer,215.4,11.7,15.7,8.2,3.0
doner kebab,241.7,19.9,11.5,18.3,1.5
lentils,116.6,9.0,0.4,19.4,8.0
paye,180.6,17.8,11.4,2.0,0.0
watermelon,29.0,0.6,0.2,7.8,0.4
nihari,177.1,15.3,11.2,4.1,0.5
orange,45.0,0.9,0.1,11.6,2.3
aloo paratha,336.0,7.0,12.4,46.2,2.3
dates,277.3,1.7,0.2,74.9,6.9
doner kebab,258.7,21.0,12.1,17.7,1.5
mac and cheese,320.4,12.5,13.5,41.9,1.6
chicken biryani,211.1,13.8,7.9,25.3,0.9
honey,302.5,0.3,0.0,81.6,0.2
cereal,146.8,2.9,1.9,29.8,2.6
roti,268.7,8.3,3.5,52.6,2.6
halwa,311.5,3.0,14.3,45.6,1.0
soup,74.4,3.8,2.1,9.8,1.5
potato,75.3,1.9,0.1,17.3,2.3
shawarma,222.8,17.6,11.4,16.7,1.2
sweet potato,86.0,1.7,0.1,19.7,3.0
omelette,157.0,11.0,10.7,1.6,0.0
pulao,174.3,5.8,4.8,27.3,0.8
almonds,562.1,21.8,49.2,22.3,12.2
cottage cheese,100.5,11.6,4.1,3.5,0.0
chana masala,170.6,8.8,2.6,27.7,7.5
french fries,301.5,3.3,15.4,41.7,3.9
chapli kebab,273.7,17.4,20.2,5.1,0.5
kofte,233.3,18.3,15.9,4.9,0.5
mango,57.5,0.8,0.4,15.6,1.6
butter chicken,238.8,22.6,14.4,5.9,0.5
orange juice,112.0,1.7,0.5,25.2,0.5
burger,292.8,17.3,14.6,24.9,1.6
pancakes,218.3,6.0,6.9,33.6,1.5
dal makhani,187.2,8.7,7.9,20.1,5.1
almonds,600.1,22.0,47.5,20.9,12.9
paneer,254.6,18.7,20.5,1.2,0.0
lentil soup,124.2,8.2,2.5,19.2,5.2
lentils,112.3,9.0,0.4,20.7,7.5
mixed vegetables,52.8,2.6,0.5,10.0,3.4
ayran,52.8,2.9,2.6,5.0,0.0
avocado toast,235.7,6.0,14.3,22.8,5.7
protein shake,153.2,30.6,3.1,7.9,1.0
onion,40.8,1.1,0.1,9.1,1.7
falafel,318.8,13.1,17.7,32.7,6.3
nihari,176.6,14.9,11.1,4.1,0.5
tomato,17.7,0.9,0.2,3.8,1.2
orange juice,116.7,1.7,0.5,25.9,0.5
doner kebab,252.5,19.4,11.9,18.1,1.5
orange juice,109.2,1.6,0.5,25.3,0.5
butter chicken,242.0,20.9,14.3,6.0,0.5
omelette,157.4,10.7,11.0,1.6,0.0
protein shake,154.7,28.6,2.9,7.8,1.0
french fries,321.2,3.5,15.5,41.5,3.7
apple,51.7,0.3,0.2,14.7,2.4
kidney beans,126.0,8.3,0.5,21.8,6.3
onion,41.5,1.1,0.1,9.1,1.8
peanut butter toast,267.3,9.6,14.3,25.0,3.0
dahi,57.9,3.6,3.1,4.8,0.0
chana masala,160.7,8.6,2.7,26.9,7.3
ayran,56.2,3.0,2.5,5.0,0.0
whole wheat bread,235.3,13.1,4.4,42.7,7.3
palak paneer,230.4,12.0,15.6,8.0,2.9
kidney beans,130.0,8.7,0.5,22.9,6.3
pide,293.2,11.1,8.6,40.7,2.1
sweet potato,83.5,1.6,0.1,19.6,3.1
pide,283.5,11.1,8.8,41.7,2.1
aloo gosht,173.4,13.6,10.4,9.0,1.2
lentils,116.9,9.3,0.4,20.0,7.8
jalebi,380.4,2.0,9.6,67.2,0.3
orange,48.5,0.9,0.1,12.3,2.5
omelette,152.4,11.4,11.1,1.6,0.0
nihari,175.6,14.6,10.5,4.1,0.5
spinach,22.3,2.9,0.4,3.7,2.1
halwa puri,368.9,5.8,18.7,47.2,1.4
beef tacos,217.6,12.1,11.1,19.6,3.1
boiled eggs,153.0,13.5,11.5,1.1,0.0
chana masala,168.4,8.9,2.6,26.7,7.5
seekh kebab,228.9,19.4,15.0,2.1,0.5
cereal,145.3,3.1,2.1,31.3,2.4
falafel,348.7,12.6,18.5,31.6,6.2
pulao,175.9,6.1,4.8,28.9,0.8
spinach,23.1,2.8,0.4,3.7,2.2
honey,316.6,0.3,0.0,83.5,0.2
almonds,579.1,20.5,52.3,21.2,13.1
chapli kebab,284.1,18.2,19.6,4.8,0.5
aloo gosht,178.3,12.4,10.0,9.4,1.2
saag,61.5,3.7,2.9,6.1,2.4
shawarma,221.3,17.2,11.0,16.3,1.2
bread,266.4,8.8,3.3,47.5,2.6
aloo gosht,168.9,13.2,9.9,9.2,1.3
mixed vegetables,54.6,2.6,0.5,10.0,3.5
egg,148.4,12.4,10.5,1.1,0.0
dahi,58.5,3.4,3.3,4.5,0.0
green tea,1.9,0.0,0.0,0.5,0.0
sandwich,257.3,11.7,9.4,33.0,2.0
kidney beans,125.8,9.1,0.5,23.7,6.7
sandwich,254.0,11.4,8.8,32.5,2.0
falafel,336.0,13.2,17.5,30.8,5.7
halwa puri,391.0,5.7,18.1,47.8,1.5
kidney beans,128.2,8.9,0.5,22.2,6.4
baklava,329.5,5.1,18.4,39.9,1.5
paneer,265.6,18.2,20.6,1.2,0.0
lassi,67.6,3.3,3.4,6.8,0.0
palak paneer,226.8,12.4,14.8,8.4,2.9
soup,73.2,4.1,2.0,10.3,1.5
naan,305.0,9.4,5.8,57.5,2.0
mixed vegetables,53.2,2.4,0.5,9.7,3.4
protein shake,152.1,28.9,2.9,7.9,1.0
cereal,144.6,2.9,2.1,30.8,2.4
mango,61.4,0.8,0.4,14.8,1.6
orange,45.4,0.9,0.1,11.5,2.4
baklava,322.7,5.0,17.7,40.5,1.6
cottage cheese,94.9,11.5,4.3,3.4,0.0
oatmeal,156.9,6.3,3.1,27.5,4.0
broccoli,33.3,2.9,0.4,6.8,2.7
chana masala,161.4,9.3,2.5,26.9,7.3
pulao,181.5,6.3,4.8,29.1,0.8
chicken biryani,208.9,13.6,8.4,25.8,0.9
black tea,1.9,0.0,0.0,0.4,0.0
grilled chicken,172.8,31.4,3.5,0.0,0.0
lentils,114.2,9.3,0.4,20.0,7.9
doner kebab,255.2,20.0,12.4,18.0,1.5
ayran,53.5,3.1,2.4,5.1,0.0
chai,41.2,1.4,2.1,4.5,0.0
daal,119.0,7.7,0.4,20.0,8.1
pancakes,235.3,6.3,7.2,33.7,1.5
tomato,18.4,0.9,0.2,4.0,1.2
peanuts,585.2,26.5,48.6,15.4,8.7
soup,76.9,4.2,2.0,9.6,1.5
chicken tikka,196.3,25.4,9.3,2.1,0.3
mango,61.2,0.8,0.4,14.3,1.5
baklava,320.4,5.2,17.3,39.9,1.6
kheer,156.8,4.0,5.1,21.9,0.2
seekh kebab,228.0,19.3,15.3,1.9,0.5
broccoli,35.3,2.8,0.4,6.7,2.6
cereal,149.2,3.1,2.0,29.9,2.4
pancakes,228.6,5.8,6.8,35.4,1.6
baklava,345.2,5.0,18.6,39.2,1.6
greek yogurt,102.8,16.8,0.7,6.0,0.0
chicken breast,169.6,29.8,3.5,0.0,0.0
aloo gosht,175.6,13.3,9.8,9.3,1.2
ayran,57.7,3.0,2.4,4.9,0.0
saag,59.5,3.7,3.0,6.2,2.6
shami kebab,202.5,15.7,14.2,7.2,1.0
biryani,198.6,8.9,7.0,27.6,0.8
chapli kebab,291.0,17.6,19.3,5.1,0.5
samosa,271.0,5.2,14.4,31.4,2.2
chana masala,165.2,8.6,2.7,26.6,7.7
aloo gosht,176.3,13.0,10.2,9.4,1.2
raita,57.6,3.0,3.3,4.4,0.0
qorma,248.7,17.3,16.0,8.1,0.5
soup,73.1,3.9,2.0,10.3,1.5
carrot,40.7,0.9,0.2,9.8,2.8
turkish bread,264.9,9.4,3.5,54.4,1.9
halwa puri,389.2,6.0,18.4,47.9,1.5
caesar salad,190.0,7.0,13.4,10.7,1.9
sweet potato,82.5,1.6,0.1,20.8,2.9
biryani,205.3,8.7,7.1,28.7,0.8
black tea,2.0,0.0,0.0,0.4,0.0
lentil soup,135.1,8.1,2.4,20.1,5.0
dates,268.0,1.7,0.2,73.9,6.9
lentils,115.2,9.4,0.4,19.7,7.7
lassi,68.1,3.5,3.4,6.2,0.0
naan,329.8,9.0,6.2,57.5,1.9
mango,58.0,0.8,0.4,15.0,1.6
jalebi,361.4,2.0,10.0,68.1,0.3
baklava,332.6,5.1,18.5,40.3,1.5
tomato,17.7,0.9,0.2,3.8,1.2
steak,277.0,26.7,17.8,0.0,0.0
milk,58.9,3.2,3.4,4.7,0.0
egg,148.9,13.0,11.2,1.2,0.0
chicken biryani,218.2,14.3,7.7,25.2,0.9
pizza slice,275.2,11.4,9.6,31.7,2.4
dahi,62.7,3.4,3.2,4.7,0.0
orange,49.2,0.9,0.1,11.7,2.3
mutton,302.4,25.7,21.9,0.0,0.0
spinach,24.0,2.9,0.4,3.5,2.2
chickpeas,160.5,8.7,2.7,26.4,7.5
beef tacos,230.1,12.4,11.1,19.9,3.0
chana masala,159.9,8.9,2.6,27.9,8.0
halwa puri,376.1,5.8,17.3,49.7,1.5
beef pulao,202.6,13.5,7.1,24.7,0.8
peanut butter toast,260.9,10.3,14.4,25.2,3.0
banana,84.8,1.1,0.3,23.0,2.7
seekh kebab,223.6,19.2,14.5,1.9,0.5
raita,57.6,3.1,3.4,4.4,0.0
avocado toast,249.5,5.9,15.4,22.6,6.1
hummus,180.7,7.7,10.5,16.5,6.0
peanuts,556.2,26.5,47.1,16.7,8.8
honey,309.4,0.3,0.0,81.4,0.2
pide,291.0,11.3,9.3,44.0,1.9
avocado toast,229.4,5.9,14.7,21.2,5.8
hummus,176.8,7.9,10.1,15.7,5.9
jalebi,372.3,2.1,9.9,67.0,0.3
mango,62.8,0.8,0.4,14.9,1.6
dates,278.5,1.9,0.2,77.1,6.6
brown rice,110.2,2.6,0.9,24.0,1.7
lassi,72.2,3.4,3.5,6.4,0.0
apple,53.4,0.3,0.2,14.2,2.4
whole wheat bread,240.3,13.3,4.1,40.5,7.2
mixed vegetables,55.4,2.5,0.5,9.7,3.4
beef pulao,212.1,13.7,7.2,25.8,0.8
whole wheat bread,240.0,12.4,4.4,40.1,7.1
bread,257.5,8.7,3.1,51.0,2.7
chana masala,165.6,9.2,2.6,26.4,7.8
nihari,172.7,15.7,11.5,4.0,0.5
cereal,150.1,3.1,2.0,30.3,2.5
fish,131.2,20.1,5.9,0.0,0.0
dal makhani,187.3,9.4,8.1,19.3,5.0
qorma,261.3,17.8,15.3,7.8,0.5
burger,308.2,17.7,14.2,24.3,1.6
lassi,69.1,3.7,3.7,6.5,0.0
mutton,296.8,24.0,20.9,0.0,0.0
burger,304.2,17.4,13.9,22.9,1.4
roti,276.9,8.1,3.7,54.0,2.8
baklava,337.3,5.0,17.4,38.1,1.6
spinach,22.7,2.8,0.4,3.7,2.2
kofte,246.5,18.4,15.5,5.0,0.5
lassi,69.6,3.3,3.4,6.3,0.0
ayran,53.1,2.9,2.6,5.1,0.0
soup,78.1,4.1,2.0,9.9,1.4
chicken breast,168.5,30.6,3.7,0.0,0.0
chana masala,162.1,9.0,2.6,27.8,7.9
lentils,113.0,8.9,0.4,19.4,8.1
chickpeas,162.1,9.3,2.6,27.8,7.3
daal,119.0,8.1,0.4,19.4,7.9
fish,132.4,19.4,6.2,0.0,0.0
halwa,310.5,3.1,13.5,48.7,1.0
caesar salad,192.8,7.2,13.9,10.8,2.0
peanut butter toast,276.2,10.4,14.2,26.0,3.1
chana masala,167.6,9.0,2.6,27.0,7.4
mutton biryani,222.7,15.5,10.2,26.8,0.8
halwa puri,391.0,5.8,17.7,46.4,1.4
chickpeas,163.1,8.6,2.6,26.6,7.5
lassi,68.5,3.6,3.6,6.3,0.0
biryani,194.2,8.8,7.2,27.7,0.8
chana masala,165.3,9.3,2.7,27.2,7.8
pasta,219.2,8.0,4.8,36.7,2.4
burger,292.3,16.8,14.2,23.0,1.6
raita,57.1,3.1,3.7,4.3,0.0
cottage cheese,99.0,11.3,4.3,3.3,0.0
hummus,168.2,8.3,9.7,15.8,5.8
shawarma,238.4,18.3,10.8,16.2,1.2
spinach,24.1,3.0,0.4,3.5,2.2
samosa,268.5,4.8,13.8,31.6,2.2
daal,114.8,7.7,0.4,19.1,7.6
paratha,319.3,7.2,13.9,44.9,2.1
sandwich,243.0,12.0,8.9,34.0,2.0
sweet potato,85.2,1.5,0.1,19.2,2.9
chicken breast,161.9,31.8,3.6,0.0,0.0
chicken wings,290.9,28.0,19.7,0.0,0.0
lassi,67.8,3.4,3.7,6.5,0.0
kidney beans,126.3,8.5,0.5,23.8,6.6
omelette,156.7,10.8,11.3,1.7,0.0
chicken karahi,212.9,20.0,13.2,2.9,0.5
seekh kebab,215.4,18.2,15.5,2.0,0.5
watermelon,29.1,0.6,0.2,7.4,0.4
doner kebab,237.9,19.7,11.5,18.6,1.5
watermelon,30.4,0.6,0.2,7.8,0.4
fish,138.2,19.2,6.3,0.0,0.0
peanuts,591.4,25.8,48.6,16.5,8.5
chapli kebab,287.8,18.5,19.0,5.2,0.5
shawarma,224.0,18.0,11.2,16.7,1.2
brown rice,109.1,2.5,0.9,24.7,1.9
green tea,2.1,0.0,0.0,0.5,0.0
french fries,299.5,3.4,15.7,40.2,3.7
cottage cheese,96.2,11.2,4.3,3.5,0.0
kofte,236.6,19.9,16.8,5.1,0.5
jalebi,377.7,2.1,10.3,66.2,0.3
milk,61.7,3.2,3.5,5.0,0.0
biryani,202.9,9.0,7.2,26.9,0.8
whole wheat bread,250.9,13.4,4.3,41.4,6.7
chickpeas,160.5,8.7,2.5,28.1,7.6
aloo paratha,316.4,6.9,13.3,44.3,2.3
lentil soup,124.8,7.8,2.5,20.7,4.8
lentil soup,136.1,8.0,2.6,20.6,5.1
chickpeas,157.6,8.6,2.5,28.0,7.8
omelette,154.4,11.3,10.7,1.6,0.0
chicken wings,284.7,27.6,19.8,0.0,0.0
mac and cheese,316.3,12.0,12.6,40.8,1.5
omelette,157.9,10.9,10.6,1.5,0.0
peanuts,584.5,26.0,47.1,15.6,8.9
watermelon,28.7,0.6,0.2,7.8,0.4
kofte,252.0,19.4,15.7,5.2,0.5
black tea,1.9,0.0,0.0,0.4,0.0
biryani,202.9,8.7,7.0,26.7,0.8
white rice,127.2,2.8,0.3,27.1,0.4
jalebi,382.9,2.0,9.9,69.9,0.3
dahi,60.6,3.6,3.2,4.6,0.0
doner kebab,254.9,19.4,12.4,17.8,1.4
brown rice,113.1,2.7,0.9,23.8,1.8
bread,255.5,8.9,3.2,47.0,2.8
whole wheat bread,253.9,12.7,4.3,41.1,6.8
shami kebab,207.6,15.5,13.9,7.1,1.0
mac and cheese,326.6,11.6,12.5,39.3,1.5
oatmeal,158.1,6.2,3.3,26.8,3.9
tomato,18.1,0.9,0.2,4.0,1.2
halwa puri,376.5,5.8,18.8,47.1,1.5
chicken karahi,206.1,20.4,13.3,3.1,0.5
pasta,228.6,7.9,5.0,38.0,2.6
orange,47.5,0.9,0.1,11.6,2.3
caesar salad,191.1,6.9,14.2,10.9,2.0
chicken tikka,190.8,24.7,9.4,2.0,0.3
sweet potato,86.4,1.6,0.1,20.1,3.1
raita,60.5,3.0,3.4,4.4,0.0
broccoli,34.4,2.9,0.4,6.7,2.5
shawarma,226.8,17.7,10.8,16.6,1.2
nihari,185.3,14.7,10.9,3.9,0.5
pancakes,217.4,6.2,7.2,34.4,1.5
white rice,125.0,2.7,0.3,28.3,0.4
aloo gosht,179.8,13.1,10.2,9.1,1.2
caesar salad,181.9,6.9,14.2,11.3,2.0
black tea,2.0,0.0,0.0,0.4,0.0
grilled salmon,208.4,19.8,12.7,0.0,0.0
kheer,144.8,4.1,5.1,22.5,0.2
daal,113.1,7.7,0.4,19.2,7.9
aloo paratha,329.1,7.0,13.0,45.1,2.4
seekh kebab,214.8,18.6,14.6,1.9,0.5
kheer,155.1,3.9,5.1,23.0,0.2
broccoli,35.6,2.7,0.4,6.9,2.6
cottage cheese,94.7,11.5,4.1,3.3,0.0
saag,58.9,3.5,3.1,5.9,2.5
steak,268.1,25.7,18.1,0.0,0.0
naan,323.5,9.1,6.3,57.9,1.9
soup,73.6,3.9,1.9,9.8,1.4
nihari,181.2,15.4,10.6,3.8,0.5
steak,264.9,25.2,17.6,0.0,0.0
falafel,329.7,12.7,17.4,30.9,5.8
chicken tikka,193.0,26.1,9.3,2.0,0.3
black tea,2.1,0.0,0.0,0.4,0.0
dates,284.9,1.8,0.2,75.5,6.5
potato,76.9,1.9,0.1,17.4,2.2
doner kebab,252.5,19.3,12.2,18.5,1.5
broccoli,34.3,2.8,0.4,6.8,2.6
beef pulao,218.9,14.1,7.1,26.2,0.8
orange,48.5,0.9,0.1,11.5,2.4
almonds,593.9,22.0,47.6,21.4,12.2
hummus,179.1,8.3,10.2,16.3,6.1
biryani,203.5,9.4,6.9,28.6,0.8
orange juice,112.3,1.8,0.5,25.6,0.5
nihari,187.6,15.0,11.4,4.1,0.5
halwa,320.5,2.9,14.6,47.4,1.0
black tea,2.0,0.0,0.0,0.4,0.0
shami kebab,200.2,16.3,14.5,6.9,1.0
samosa,270.4,5.2,13.6,29.9,2.1
pide,289.6,10.6,9.0,40.6,2.1
nihari,188.9,14.7,11.5,4.1,0.5
kheer,156.7,3.9,5.1,22.7,0.2
chickpeas,159.9,8.6,2.5,27.8,7.3
watermelon,31.1,0.6,0.2,7.4,0.4
caesar salad,195.7,7.2,13.7,11.3,2.0
fish,130.6,19.1,6.0,0.0,0.0
paye,181.5,16.6,11.5,1.9,0.0
kheer,156.9,4.0,5.1,22.5,0.2
beef tacos,236.9,12.4,11.4,20.1,3.1
fish,137.3,20.7,6.1,0.0,0.0
mutton,293.5,25.3,21.8,0.0,0.0
peanuts,540.0,26.6,46.9,15.8,8.7
lentil soup,131.4,7.9,2.4,20.4,5.0
onion,40.4,1.1,0.1,9.2,1.7
protein shake,153.7,30.2,3.0,8.3,1.0
grilled salmon,202.9,19.2,12.7,0.0,0.0
chana masala,169.2,9.2,2.5,27.2,7.3
mango,62.7,0.8,0.4,15.0,1.6
protein shake,163.0,29.7,3.1,8.0,1.0
lassi,67.4,3.5,3.4,6.7,0.0
mixed vegetables,56.7,2.6,0.5,10.1,3.7
grilled chicken,169.0,30.9,3.8,0.0,0.0
falafel,339.5,13.3,17.8,32.6,6.2
greek yogurt,97.0,16.7,0.7,6.2,0.0
broccoli,33.7,2.7,0.4,6.5,2.5
kofte,242.9,18.3,15.4,4.9,0.5
shami kebab,200.2,15.7,14.4,7.2,1.0
shawarma,231.0,17.9,11.5,15.2,1.2
almonds,577.4,21.6,48.7,21.1,13.1
dal makhani,186.9,9.4,8.3,19.1,4.8
shami kebab,218.9,15.9,14.3,6.8,1.0
halwa,333.8,2.9,14.2,46.8,1.0
samosa,271.0,4.9,14.1,31.1,2.2
mutton,298.7,24.5,21.2,0.0,0.0
daal,116.7,7.8,0.4,19.2,8.1
onion,41.9,1.1,0.1,9.2,1.7
apple,52.3,0.3,0.2,13.8,2.5
naan,308.3,8.9,6.1,55.5,1.9
butter chicken,231.9,21.2,14.6,5.8,0.5
chapli kebab,288.6,18.5,20.2,5.1,0.5
chickpeas,168.3,8.5,2.6,26.9,7.4
pizza slice,261.6,10.7,10.4,34.6,2.4
grilled salmon,207.5,19.9,12.8,0.0,0.0
kheer,153.4,4.0,5.2,21.0,0.2
mac and cheese,312.5,12.0,13.1,39.4,1.5
onion,38.3,1.1,0.1,8.9,1.8
halwa,327.1,3.0,13.5,47.6,1.0
chana,167.0,8.5,2.7,27.6,7.9
orange,47.3,0.9,0.1,11.6,2.4
hummus,177.3,8.4,10.4,16.3,5.9
paratha,330.5,7.7,14.0,43.5,2.1
aloo paratha,312.8,7.0,13.4,48.2,2.2
lentil soup,124.9,8.2,2.5,20.3,5.2
lentil soup,128.0,7.7,2.6,20.3,5.2
aloo gosht,181.5,13.3,9.6,8.7,1.2
peanuts,552.6,25.4,48.4,15.9,8.5
lassi,69.6,3.6,3.6,6.4,0.0
dal makhani,185.5,8.6,7.7,19.7,4.8
chicken biryani,210.0,14.1,8.4,27.1,0.9
pulao,177.0,5.7,5.1,29.1,0.8
samosa,252.9,4.8,13.9,30.4,2.2
potato,75.8,2.1,0.1,17.5,2.2
whole wheat bread,245.4,12.9,4.3,42.0,6.7
pide,277.3,11.4,9.0,40.2,1.9
orange,46.0,0.9,0.1,11.5,2.4
beef tacos,233.5,11.9,10.5,19.2,3.0
chickpeas,171.5,9.2,2.6,28.7,7.2
dal makhani,186.1,8.9,8.3,20.2,5.2
oatmeal,165.3,6.1,3.2,26.1,4.0
halwa,318.7,3.0,13.8,45.9,1.0
falafel,346.2,12.9,18.4,33.3,5.7
samosa,257.5,4.8,13.8,31.5,2.3
beef tacos,222.6,12.2,10.9,19.1,3.0
paye,179.1,16.7,11.7,2.1,0.0
biryani,205.1,9.4,6.8,26.7,0.8
chapli kebab,276.8,17.4,20.1,5.2,0.5
chai,39.1,1.6,2.0,4.3,0.0
lentils,121.6,9.4,0.4,19.9,7.6
biryani,203.8,9.1,6.7,28.8,0.8
banana,89.2,1.1,0.3,22.6,2.6
chana,156.7,8.5,2.6,26.9,7.7
grilled chicken,170.7,29.7,3.5,0.0,0.0
boiled eggs,155.1,13.0,11.2,1.1,0.0
greek yogurt,104.2,17.1,0.7,5.8,0.0
soup,77.1,4.2,2.0,9.9,1.5
beef pulao,212.8,14.1,7.2,25.1,0.8
ayran,54.3,3.1,2.4,5.2,0.0
oatmeal,151.6,6.2,3.1,27.3,4.1
lentil soup,132.6,8.3,2.6,19.9,5.1
white rice,128.3,2.6,0.3,29.1,0.4
potato,76.8,1.9,0.1,16.2,2.2
paye,186.7,17.5,12.2,2.1,0.0
jalebi,374.6,1.9,9.6,70.1,0.3
broccoli,32.6,2.8,0.4,6.4,2.6
orange,46.2,0.9,0.1,11.8,2.5
saag,57.3,3.5,2.9,6.2,2.6
paratha,337.9,7.9,13.7,43.6,2.1
whole wheat bread,248.7,12.8,4.1,39.7,7.0
chana masala,162.1,9.2,2.5,26.9,7.7
halwa,320.9,3.1,14.7,50.1,1.0
grilled salmon,207.2,19.9,12.9,0.0,0.0
beef pulao,216.0,13.5,7.1,26.2,0.8
black tea,2.1,0.0,0.0,0.4,0.0
banana,85.5,1.1,0.3,23.5,2.5
roti,259.7,7.7,3.6,54.8,2.7
lassi,69.2,3.5,3.7,6.7,0.0
avocado toast,242.4,6.3,14.4,22.1,6.3
almonds,598.6,21.4,51.2,21.4,12.1
greek yogurt,103.6,16.8,0.7,6.2,0.0
white rice,130.8,2.6,0.3,28.5,0.4
aloo paratha,322.2,6.9,13.5,46.4,2.3
paratha,341.7,7.5,14.6,41.3,2.2
paneer,260.5,18.9,21.4,1.2,0.0
protein shake,163.2,30.7,2.9,8.0,1.0
onion,40.2,1.1,0.1,9.7,1.7
aloo paratha,307.1,6.9,13.3,47.7,2.3
seekh kebab,221.2,19.6,15.5,2.0,0.5
sweet potato,87.2,1.6,0.1,19.1,3.1
pasta,213.9,8.1,4.8,38.0,2.5
orange juice,112.7,1.6,0.5,27.1,0.5
naan,307.2,8.6,6.0,56.6,2.0
french fries,317.1,3.3,15.4,40.7,3.7
paye,185.8,17.0,12.5,2.0,0.0
cottage cheese,100.7,10.7,4.4,3.4,0.0
palak paneer,223.6,11.6,15.1,7.7,2.9
doner kebab,257.4,19.6,12.2,18.1,1.6
pide,292.4,11.4,8.7,43.6,2.1
green tea,2.0,0.0,0.0,0.5,0.0
onion,39.2,1.1,0.1,9.1,1.8
almonds,577.0,21.9,47.7,22.0,11.9
cottage cheese,93.8,11.2,4.2,3.4,0.0
dahi,61.0,3.7,3.2,4.9,0.0
onion,38.8,1.2,0.1,8.9,1.7
seekh kebab,214.0,18.6,14.3,2.1,0.5
raita,57.0,3.0,3.3,4.5,0.0
steak,282.8,27.1,18.4,0.0,0.0
bread,259.1,9.2,3.1,47.8,2.7
shami kebab,218.6,15.4,13.5,7.2,1.0
carrot,42.9,0.9,0.2,9.9,2.7
dahi,62.0,3.6,3.3,4.8,0.0
naan,327.1,8.8,6.1,59.5,1.9
mac and cheese,325.4,12.4,13.3,41.1,1.4
cottage cheese,98.3,11.3,4.1,3.4,0.0
french fries,321.4,3.4,14.9,40.8,3.9
avocado toast,243.6,5.9,14.4,21.4,5.9
watermelon,30.9,0.6,0.2,7.2,0.4
white rice,126.2,2.6,0.3,28.6,0.4
baklava,320.1,5.1,17.8,39.9,1.6
tomato,18.5,0.9,0.2,4.0,1.2
daal,117.8,8.0,0.4,19.4,7.8
peanuts,544.0,25.2,49.4,16.6,8.1
palak paneer,210.4,11.5,14.8,8.2,3.0
brown rice,110.5,2.6,0.9,23.0,1.8
mutton,294.7,25.7,20.3,0.0,0.0
watermelon,29.1,0.6,0.2,7.7,0.4
chicken wings,297.2,27.9,18.1,0.0,0.0
mixed vegetables,52.8,2.6,0.5,9.8,3.5
grilled salmon,206.8,20.9,13.0,0.0,0.0
paneer,259.9,18.0,20.7,1.2,0.0
mango,58.0,0.8,0.4,15.3,1.6
daal,112.3,7.6,0.4,20.0,8.2
dal makhani,175.3,8.8,8.0,19.9,4.8
peanuts,553.3,26.7,47.6,16.8,8.5
nihari,189.0,15.4,10.9,3.8,0.5
almonds,591.9,22.1,50.4,21.6,12.0
chana,165.9,8.7,2.6,27.0,7.4
raita,59.4,3.0,3.7,4.4,0.0
shawarma,227.1,18.3,11.3,16.3,1.2
avocado toast,235.9,5.9,15.2,22.6,6.0
kheer,143.6,4.2,5.0,21.8,0.2
paneer,256.4,18.8,21.5,1.2,0.0
aloo gosht,169.3,13.5,9.7,9.4,1.3
mutton biryani,240.4,16.1,10.0,26.0,0.8
orange juice,111.6,1.7,0.5,27.2,0.5
samosa,268.3,5.2,14.1,31.3,2.2
paye,180.9,17.7,11.4,2.0,0.0
mixed vegetables,56.9,2.4,0.5,9.8,3.6
caesar salad,197.5,6.8,13.3,11.2,2.0
hummus,183.2,8.0,9.6,15.2,6.0
green tea,2.0,0.0,0.0,0.5,0.0
jalebi,385.1,2.0,10.1,71.4,0.3
chapli kebab,273.1,17.9,20.4,5.2,0.5
milk,64.0,3.3,3.3,4.9,0.0
jalebi,370.3,1.9,9.7,68.4,0.3
chapli kebab,277.1,17.7,19.6,5.0,0.5
seekh kebab,230.7,19.9,15.5,1.9,0.5
butter chicken,251.3,21.6,13.9,6.2,0.5
halwa puri,376.8,5.8,18.0,47.6,1.6
doner kebab,245.5,19.7,12.2,18.5,1.5
seekh kebab,230.3,18.5,15.1,2.1,0.5
jalebi,387.5,2.0,9.8,70.1,0.3
mutton biryani,236.2,15.4,9.7,27.3,0.8
saag,58.5,3.6,3.1,5.7,2.5
cereal,154.2,3.0,2.0,29.5,2.4
aloo paratha,319.9,7.0,13.6,44.5,2.3
milk,59.0,3.1,3.2,5.0,0.0
chicken karahi,219.2,20.5,12.6,3.0,0.5
sandwich,249.7,11.7,8.6,34.1,2.0
hummus,173.4,7.9,9.7,16.5,5.8
peanuts,543.2,26.5,49.0,16.4,8.9
roti,251.1,8.2,3.8,53.2,2.6
white rice,124.8,2.6,0.3,27.3,0.4
mutton biryani,219.7,15.5,10.1,26.1,0.8
samosa,260.2,4.9,14.2,31.0,2.2
white rice,126.5,2.8,0.3,27.9,0.4
pancakes,232.8,5.9,7.3,34.4,1.5
beef pulao,210.2,14.5,6.7,26.0,0.8
potato,80.3,2.0,0.1,16.4,2.2
beef tacos,222.2,11.5,10.8,20.0,2.9
brown rice,117.2,2.5,0.9,22.7,1.9
grilled chicken,163.9,32.3,3.6,0.0,0.0
saag,57.8,3.4,3.1,6.1,2.5
biryani,194.4,8.7,7.0,26.7,0.8
mixed vegetables,54.0,2.5,0.5,9.8,3.4
omelette,155.8,10.8,10.5,1.5,0.0
chana masala,165.1,8.5,2.7,25.9,7.9
qorma,257.5,17.7,16.4,7.7,0.5
turkish bread,273.5,9.3,3.5,51.8,1.9
chicken tikka,183.1,26.1,9.1,2.0,0.3
sweet potato,85.3,1.7,0.1,20.7,2.9
biryani,192.8,8.8,7.1,28.6,0.8
saag,57.7,3.4,3.0,5.8,2.5
baklava,344.5,4.8,17.4,41.7,1.5
milk,62.4,3.3,3.4,4.9,0.0
pulao,175.5,6.1,4.9,27.0,0.8
grilled salmon,216.3,19.2,13.6,0.0,0.0
lassi,67.2,3.6,3.6,6.4,0.0
carrot,39.3,0.9,0.2,10.3,2.7
kheer,156.1,4.2,5.0,21.3,0.2
pizza slice,255.8,10.5,9.6,34.2,2.4
baklava,318.4,5.2,18.7,38.2,1.5
baklava,319.3,5.2,18.7,40.6,1.5
chicken karahi,207.9,20.1,12.6,3.0,0.5
peanuts,545.7,25.9,49.3,15.3,8.6
boiled eggs,157.0,13.2,11.2,1.1,0.0
kidney beans,126.2,8.9,0.5,23.3,6.5
bread,268.2,8.6,3.1,50.2,2.8
potato,77.9,1.9,0.1,17.6,2.1
paratha,315.5,7.8,13.7,41.3,2.1
brown rice,112.7,2.7,0.9,24.6,1.8
nihari,179.9,14.3,11.0,4.0,0.5
lassi,72.3,3.4,3.6,6.7,0.0
doner kebab,260.1,20.5,11.8,17.5,1.4
mac and cheese,334.7,12.6,12.8,41.1,1.5
honey,315.9,0.3,0.0,83.2,0.2
chicken breast,172.0,32.5,3.7,0.0,0.0
egg,159.1,12.9,10.9,1.1,0.0
oatmeal,151.6,6.0,3.3,27.2,4.1
pancakes,236.3,5.9,6.8,35.8,1.6
orange juice,114.9,1.7,0.5,27.1,0.5
protein shake,153.7,30.2,2.9,8.2,1.0
milk,58.1,3.2,3.4,4.6,0.0
black tea,2.0,0.0,0.0,0.4,0.0
omelette,152.6,11.0,10.9,1.6,0.0
watermelon,29.3,0.6,0.2,7.6,0.4
baklava,323.4,4.8,18.2,41.4,1.5
cereal,144.6,3.1,2.0,31.5,2.4
cereal,157.3,2.9,2.1,31.3,2.6
dates,264.3,1.7,0.2,75.2,6.5
caesar salad,189.1,6.8,14.0,11.5,1.9
black tea,2.1,0.0,0.0,0.4,0.0
dates,288.1,1.8,0.2,71.5,6.9
peanut butter toast,271.4,10.4,13.7,24.8,2.9
pide,284.3,11.1,8.8,42.9,2.0
spinach,22.3,2.8,0.4,3.8,2.2
nihari,179.9,15.6,10.8,4.1,0.5
daal,117.3,7.8,0.4,20.1,7.9
qorma,241.6,17.4,16.3,8.2,0.5
egg,152.0,13.1,10.6,1.1,0.0
ayran,56.8,3.0,2.6,4.8,0.0
samosa,264.0,4.9,14.2,30.1,2.1
doner kebab,239.7,19.2,12.3,18.8,1.5
greek yogurt,104.4,17.8,0.7,6.2,0.0
chana,155.8,9.0,2.7,27.6,7.3
raita,58.9,3.0,3.4,4.4,0.0
green tea,2.1,0.0,0.0,0.5,0.0
biryani,206.2,9.0,7.0,27.8,0.8
seekh kebab,228.5,18.8,14.9,2.0,0.5
chana,167.3,8.6,2.7,27.1,7.8
mutton,281.3,24.8,21.1,0.0,0.0
steak,266.2,26.5,18.0,0.0,0.0
pide,281.2,11.0,8.7,41.9,2.0
turkish bread,276.3,8.9,3.5,50.2,2.1
paye,182.6,17.2,12.2,2.0,0.0
pasta,220.5,7.8,5.0,39.5,2.5
peanut butter toast,261.7,9.9,13.4,25.3,3.0
banana,87.1,1.1,0.3,22.5,2.6
kheer,152.0,3.9,5.1,22.5,0.2
whole wheat bread,235.9,12.5,4.0,41.8,7.3
chicken wings,289.7,26.9,19.7,0.0,0.0
caesar salad,185.6,6.8,14.4,10.8,2.0
aloo paratha,307.8,6.7,13.6,46.3,2.4
orange juice,116.9,1.6,0.5,27.1,0.5
mutton,302.3,24.8,21.5,0.0,0.0
pasta,222.9,8.2,5.2,39.3,2.6
samosa,263.7,5.0,13.5,31.4,2.1
pulao,184.7,5.8,5.1,28.0,0.8
chai,41.2,1.5,2.0,4.6,0.0
mango,60.9,0.8,0.4,15.7,1.6
dahi,62.6,3.6,3.2,4.7,0.0
chickpeas,163.7,8.8,2.5,28.2,7.7
egg,148.3,12.5,11.2,1.1,0.0
roti,266.9,7.7,3.8,51.2,2.7
watermelon,29.3,0.6,0.2,7.8,0.4
turkish bread,280.6,8.7,3.6,54.3,1.9
chicken biryani,200.4,13.5,7.8,26.4,0.9
broccoli,34.4,2.8,0.4,6.9,2.7
dahi,58.3,3.4,3.1,4.7,0.0
jalebi,364.9,2.1,9.7,66.8,0.3
mutton biryani,223.2,15.5,9.7,26.2,0.8
whole wheat bread,241.0,12.7,4.3,42.5,6.9
almonds,590.2,20.4,48.0,22.2,11.9
fish,142.4,19.8,5.9,0.0,0.0
lentils,119.6,9.1,0.4,19.2,7.9
pasta,216.6,7.8,4.9,39.6,2.5
baklava,342.3,4.9,17.4,41.9,1.5
paratha,324.1,7.3,14.0,44.7,2.2
mutton,280.2,26.2,21.3,0.0,0.0
tomato,18.6,0.9,0.2,4.1,1.2
boiled eggs,159.9,12.8,11.1,1.1,0.0
pulao,179.2,5.9,5.1,28.8,0.8
banana,88.9,1.1,0.3,23.5,2.5
whole wheat bread,238.2,13.6,4.3,41.6,7.0
caesar salad,197.6,6.9,14.6,11.5,2.1
shami kebab,207.3,16.7,14.0,7.2,1.0
peanut butter toast,270.2,10.2,13.9,25.5,3.1
halwa,328.4,3.1,14.0,48.4,1.0
falafel,330.8,12.7,18.0,32.8,5.8
spinach,23.6,2.9,0.4,3.4,2.3
grilled chicken,168.4,32.1,3.6,0.0,0.0
pide,298.2,11.0,8.8,40.8,2.0
pizza slice,267.6,11.1,9.8,33.0,2.4
brown rice,111.7,2.6,0.9,23.0,1.9
soup,77.3,4.1,2.0,9.5,1.5
turkish bread,273.3,9.0,3.4,50.9,2.1
mutton,284.6,25.3,21.4,0.0,0.0
chickpeas,157.6,9.3,2.5,26.7,7.9
greek yogurt,100.5,16.5,0.7,6.2,0.0
beef pulao,203.5,14.0,7.0,25.0,0.8
pizza slice,255.1,11.4,9.7,33.9,2.3
qorma,254.2,17.4,15.3,8.0,0.5
paneer,271.3,18.9,21.4,1.2,0.0
seekh kebab,212.5,19.9,15.4,2.1,0.5
ayran,53.1,3.0,2.6,4.8,0.0
pide,298.3,11.2,9.1,42.4,2.1
chicken breast,159.9,29.5,3.7,0.0,0.0
grilled chicken,164.3,29.6,3.6,0.0,0.0
chicken tikka,193.6,24.3,8.9,2.0,0.3
chai,41.4,1.5,2.0,4.3,0.0
chana masala,165.5,9.0,2.5,27.8,7.8
beef pulao,205.9,14.5,7.0,25.8,0.8
pasta,212.3,7.7,5.2,39.3,2.5
lentil soup,125.9,8.3,2.4,20.0,5.1
raita,60.3,3.1,3.5,4.5,0.0
qorma,243.4,17.9,16.5,8.0,0.5
hummus,185.2,7.9,10.0,16.4,6.0
banana,91.2,1.1,0.3,23.8,2.5
dal makhani,173.8,9.0,8.0,21.0,5.1
kofte,256.6,19.5,16.1,5.1,0.5
turkish bread,281.7,8.6,3.6,51.4,1.9
chapli kebab,278.8,18.8,20.4,4.9,0.5
qorma,251.5,18.2,16.0,8.1,0.5
dates,274.4,1.7,0.2,75.9,6.4
pasta,227.3,8.0,5.0,39.5,2.5
biryani,207.6,9.2,6.8,26.6,0.8
egg,157.3,13.0,10.6,1.1,0.0
turkish bread,264.9,8.6,3.5,51.8,2.0
beef pulao,200.9,13.4,7.3,25.1,0.8
kofte,234.9,18.5,16.1,5.1,0.5
banana,90.2,1.1,0.3,22.5,2.5
mango,62.3,0.8,0.4,15.2,1.6
brown rice,111.4,2.7,0.9,22.8,1.8
banana,85.9,1.1,0.3,22.6,2.7
black tea,2.0,0.0,0.0,0.4,0.0
carrot,42.9,0.9,0.2,9.8,2.9
lassi,70.7,3.7,3.4,6.4,0.0
dahi,58.8,3.6,3.3,4.8,0.0
caesar salad,191.8,7.2,13.4,11.0,2.0
shami kebab,216.2,16.0,13.5,6.8,1.0
jalebi,366.3,1.9,9.7,65.0,0.3
mango,60.5,0.8,0.4,14.5,1.6
egg,152.2,13.5,11.5,1.1,0.0
ayran,55.8,3.0,2.6,5.2,0.0
samosa,251.4,5.0,14.2,30.6,2.1
boiled eggs,157.6,12.8,10.5,1.1,0.0
raita,61.9,3.1,3.5,4.5,0.0
chicken breast,170.9,31.1,3.4,0.0,0.0
pide,288.3,10.8,9.2,42.8,1.9
beef pulao,208.4,14.2,7.2,27.0,0.8
avocado toast,228.9,6.3,15.1,23.0,6.1
broccoli,34.4,2.8,0.4,6.7,2.7
orange juice,110.5,1.7,0.5,25.8,0.5
pancakes,220.9,5.9,7.0,36.0,1.5
aloo gosht,181.1,13.0,9.7,8.7,1.2
dal makhani,183.5,8.9,8.2,20.7,5.1
paye,194.0,17.6,12.0,2.0,0.0
pizza slice,272.7,11.2,9.6,33.0,2.3
daal,117.2,8.2,0.4,20.0,7.9
baklava,329.3,4.9,17.3,39.8,1.4
chapli kebab,274.7,18.0,19.3,5.2,0.5
avocado toast,244.1,5.8,15.6,22.7,6.2
chana,158.0,9.2,2.5,27.2,7.6
beef tacos,220.0,12.5,10.6,20.8,3.1
spinach,23.8,2.8,0.4,3.7,2.2
palak paneer,228.2,11.8,15.6,8.4,3.1
kofte,242.6,19.9,15.8,5.2,0.5
oatmeal,153.2,6.1,3.3,25.8,3.8
lentils,118.7,8.9,0.4,20.6,7.7
pizza slice,272.6,11.5,9.8,34.2,2.3
caesar salad,182.8,7.0,14.1,11.2,2.1
beef tacos,218.9,12.4,11.2,19.3,3.1
omelette,149.4,11.5,10.9,1.7,0.0
dahi,60.2,3.4,3.1,4.6,0.0
dahi,58.7,3.6,3.3,4.7,0.0
carrot,41.3,0.9,0.2,10.5,2.9
mixed vegetables,53.2,2.6,0.5,10.1,3.6
aloo gosht,183.4,13.4,10.5,9.3,1.2
kidney beans,124.2,8.4,0.5,23.3,6.7
steak,277.9,26.8,18.1,0.0,0.0
shawarma,231.6,17.3,10.5,16.7,1.2
sandwich,238.0,12.6,9.3,33.5,1.9
pulao,183.5,6.1,4.9,28.5,0.8
mac and cheese,308.5,12.1,12.8,39.5,1.5
biryani,203.6,8.9,6.8,27.9,0.8
grilled salmon,207.5,20.4,13.1,0.0,0.0
caesar salad,197.0,6.8,14.4,10.6,2.1
pide,289.8,10.7,8.8,41.1,2.0
peanuts,542.3,25.2,47.5,15.4,8.7
cottage cheese,101.0,11.6,4.4,3.4,0.0
pulao,184.7,5.8,5.1,27.5,0.8
peanut butter toast,270.9,10.4,14.3,26.6,3.0
lentils,121.0,8.7,0.4,21.0,8.1
hummus,176.8,7.7,10.2,15.6,5.9
mutton,280.0,25.3,20.2,0.0,0.0
steak,258.5,25.8,17.4,0.0,0.0
aloo gosht,171.2,13.6,10.0,9.0,1.3
naan,303.4,8.8,6.1,55.4,1.9
protein shake,155.9,31.4,2.9,8.3,1.0
samosa,257.0,4.9,13.8,30.0,2.2
saag,60.3,3.5,3.0,6.1,2.4
palak paneer,215.9,12.6,14.5,8.1,2.9
grilled chicken,162.6,30.5,3.7,0.0,0.0